timestamp,team_number,match_number,alliance_color,starting_position,scouter_name,match_outcome,auto_taxi_left,auto_coral_l1,auto_coral_l2,auto_coral_l3,auto_coral_l4,auto_missed_coral_l1,auto_missed_coral_l2,auto_missed_coral_l3,auto_missed_coral_l4,auto_algae_barge,auto_algae_processor,auto_missed_algae_barge,auto_missed_algae_processor,auto_algae_removed,teleop_coral_l1,teleop_coral_l2,teleop_coral_l3,teleop_coral_l4,teleop_missed_coral_l1,teleop_missed_coral_l2,teleop_missed_coral_l3,teleop_missed_coral_l4,teleop_algae_barge,teleop_algae_processor,teleop_missed_algae_barge,teleop_missed_algae_processor,teleop_algae_removed,climb_status,defense_rating,speed_rating,driver_skill_rating,primary_role,defense_qa,teleop_qa,auto_qa,comments
2025-03-22T20:18:12.779427,10384,10,Red,Right,Marcus Salvador ,Won,False,0,0,0,0,0,0,0,0,0,0,0,0,0,0,0,0,0,0,0,0,0,0,3,0,0,2,Parked,2,3,2,Offense,It didn‚Äôt come in contact with a blue alliance robot. ,Moving around and removing each light blue bubble balls from the purple reef.,It didn‚Äôt do much but move around and stand.,No comment 
2025-03-22T20:44:55.877829,10384,13,Blue,Right,Colt,Won,True,0,0,0,0,0,0,0,0,0,0,0,0,0,0,0,0,0,0,0,0,0,0,2,0,0,0,None,1,2,2,Offense,nan,nan,nan,Got stuck in between the deep climb and a algae
2025-03-22T18:56:56.683174,10384,1,Red,Center,Piper ,Lost,True,0,0,0,0,0,0,0,0,0,0,0,0,0,0,0,0,0,0,0,0,0,0,4,0,1,0,Parked,1,2,2,Offense,,,,Just moved out during auto and then during teleop they couldn‚Äôt pick up half of their algae
2025-03-22T23:33:00.554798,10384,24,Red,Left,Wynn ,Lost,True,0,0,0,0,0,0,0,0,0,0,0,0,0,0,0,0,0,0,0,0,0,0,7,0,0,1,None,1,2,3,Offense,,Algae focused,,
2025-03-22T23:32:45.289169,10384,25,Red,Left,Marcus Salvador ,Lost,True,0,0,0,0,0,0,0,0,0,0,0,0,0,0,0,0,0,0,0,0,0,0,6,0,0,1,None,3,2,3,Offense,They had a decent defense on them. Even though nobody from the blue alliance came to them. They looked like they were more on defense ,They performed with only grabbing Algae and placing them through the processor for the man in the green shirt to put it up in the net.,None ,
2025-03-23T01:09:38.689804,10384,33,Red,Right,Thomas ,Lost,True,0,0,0,0,0,0,0,0,0,0,0,0,0,0,0,0,0,0,0,0,0,0,5,0,0,3,Shallow Climb,1,2,2,Offense,,,,
2025-03-23T01:42:31.041159,10384,37,Red,Center,Noah,Won,True,0,0,0,0,0,0,0,0,0,0,0,0,0,0,0,0,0,0,0,0,0,0,2,0,1,2,Parked,2,4,2,Offense,,"Algae focused bot, kinda slow",,
2025-03-23T03:07:34.461417,10384,44,Red,Center,Piper ,Lost,True,0,0,0,0,0,0,0,0,0,0,0,0,0,0,0,0,0,0,0,0,0,0,0,0,0,0,Deep Climb,4,2,4,Offense,Semi aggressive station block,,,
2025-03-23T19:09:24.070297,10384,49,Blue,Right,Dylan,Lost,True,0,0,0,0,0,0,0,0,0,0,0,0,0,0,0,0,0,0,0,0,0,0,6,0,0,1,Shallow Climb,1,2,2,Offense,,Very slow in movement speed and trying to intake algae.  Can only seem to score algae in the processor.  ,Auto crosses line,
2025-03-23T19:41:10.671834,10384,53,Blue,Center,Noah,Won,True,0,0,0,0,0,0,0,0,0,0,0,0,0,0,0,0,0,0,0,0,0,0,2,0,0,1,Parked,2,2,2,Offense,,Was stuck for most of game trying to score 1 algae  ,,Tried to climb but fell off
2025-03-23T20:34:26.940012,10384,59,Blue,Center,Marcus Salvador,Lost,True,0,0,0,0,0,0,0,0,0,0,0,0,0,0,0,0,0,0,0,0,0,0,3,0,1,2,Shallow Climb,1,2,3,Offense,None ,They did their scores in the processor the most. Slowly took their time but effectively delivered each ball to the processor,The bot moved a foot forward from starting point ,No comment
2025-03-23T21:00:48.053488,10384,62,Blue,Right,Thomas,Lost,True,0,0,0,0,0,0,0,0,0,0,0,0,0,0,0,0,0,0,0,0,0,0,4,1,0,2,None,1,2,1,Offense,,"Only does algae, human player doesnt put the algae in the barge",,
2025-03-22T20:45:45.701995,2090,13,Red,Left,Noah,Won,True,0,0,0,0,0,0,0,0,0,0,0,0,0,0,0,0,0,0,0,0,0,0,0,0,0,0,,3,3,3,Defense,,,,Got flipped
2025-03-23T00:02:19.516821,2090,28,Blue,Left,Colt,Won,True,0,0,0,0,0,0,0,0,0,0,0,0,0,0,0,0,0,0,0,0,0,0,0,0,0,0,Parked,4,3,3,Defense,Did pretty good able to block teams from getting coral,,,
2025-03-22T19:11:50.832133,2090,3,Blue,Right,Colt,Lost,False,0,0,0,0,0,0,0,0,0,0,0,0,0,0,0,0,0,0,0,0,0,0,0,0,0,0,,1,1,1,Defense,"Went to left station did absolutely nothing 
Did not move at all",No,No,No
2025-03-23T19:43:40.847621,2090,53,Blue,Left,Colt,Lost,True,0,0,0,0,0,0,0,0,0,0,0,0,0,0,0,0,0,0,0,0,0,0,0,0,0,0,None,2,3,2,Defense,Not effective defense ,,,
2025-03-23T20:52:58.360971,2090,61,Red,Right,Iokea,Won,True,0,0,0,0,0,0,0,0,0,0,0,0,0,0,0,0,0,0,0,0,0,0,0,0,0,0,Parked,3,4,3,Defense,,,,
2025-03-23T21:33:22.064822,2090,65,Blue,Center,Colt,Won,True,0,0,0,0,0,0,0,0,0,0,0,0,0,0,0,0,0,0,0,0,0,0,0,0,0,0,Parked,2,4,2,Defense,Not effective defense,,,
2025-03-22T20:17:17.863313,2348,10,Blue,Center,Dylan,Lost,False,0,0,0,0,0,0,0,1,0,0,0,0,0,0,0,0,0,0,0,0,0,0,0,0,0,0,,1,1,1,Offense,,Robot broke down upon starting tele-op.  ,Tried to score a level 4 coral but missed.  Pretty slow in auto movement.,
2025-03-22T21:14:45.957043,2348,16,Blue,Left,Dylan,Won,True,0,0,0,0,0,0,0,0,0,0,0,0,0,0,0,0,0,0,0,0,0,0,0,0,0,0,Parked,3,3,3,Defense,Went straight to defending the left coral station on the red alliance‚Äôs side.  Was pushed back by 9277 which lead 2348 to go around their reef to try push the red alliance away from scoring.  Did mediocre.,,Auto crosses the line ,
2025-03-22T23:04:01.782652,2348,21,Blue,Left,Colt,Lost,True,0,0,0,0,0,0,0,0,0,0,0,0,0,0,0,0,0,0,0,0,0,0,0,0,0,0,None,2,4,2,Defense,Not effective defense,,,
2025-03-22T23:55:04.048796,2348,27,Blue,Right,Thomas ,Lost,True,0,0,0,0,0,0,0,0,0,0,0,0,0,1,1,0,0,0,2,0,0,0,0,0,0,0,Parked,1,1,1,Offense,,"Very slow, no elevator set heights ",,
2025-03-23T01:00:34.150761,2348,32,Red,Left,Piper,Lost,True,0,0,0,0,0,0,0,0,0,0,0,0,0,2,0,0,0,1,0,0,0,0,0,0,0,0,Deep Climb,1,3,3,Offense,,Mainly spent time lining up had a hard time getting it to line up correctly. Was able to deep climb,,
2025-03-23T01:25:56.152635,2348,35,Red,Center,Hamin ,Lost,True,0,0,0,0,0,0,0,0,0,0,0,0,0,0,0,0,0,1,0,0,0,0,0,0,0,0,None,1,1,1,Neither,,,,Didn't do anything
2025-03-23T02:27:46.029553,2348,39,Blue,Left,Iokea,Won,False,0,0,0,0,0,0,0,0,0,0,0,0,0,0,0,0,0,0,0,0,0,0,0,0,0,0,None,1,1,1,Neither,,,,Robot did not move very far before breaking down
2025-03-23T19:01:55.274718,2348,48,Red,Left,Hamin,Lost,True,0,0,0,0,0,0,0,0,0,0,0,0,0,3,0,0,0,2,0,0,1,0,0,0,0,0,Parked,3,2,2,Offense,,,,"They scored primarily through L1, but their speed was slower compared to other robots."
2025-03-23T19:34:28.964697,2348,52,Blue,Center,Colt,Lost,False,0,0,0,0,1,0,0,0,0,0,0,0,0,2,0,0,0,3,0,0,2,0,0,0,0,0,None,1,3,2,Offense,,Missed a lot wobbly arm,,
2025-03-23T20:14:13.413458,2348,57,Red,Right,Piper ,Lost,True,0,0,0,0,0,0,0,0,0,0,0,0,0,2,0,2,0,0,0,0,0,0,0,0,0,0,None,2,2,3,Offense,,Just drove around for a little while but had a good scoring game for the lower levels took longer on the higher levels of the reed,,
2025-03-22T19:36:53.679095,2348,6,Red,Center,Marcus Salvador,Won,True,0,0,0,0,0,0,0,0,0,0,0,0,0,0,0,0,0,0,0,0,0,0,0,0,0,0,None,1,1,1,Neither,nan,N/A  (Did not move) ,N/A (Did not move) ,2348 robot didn‚Äôt move during auto or Teleop. The robot stood still.
2025-03-22T20:27:38.514261,2438,11,Red,Right,Piper ,Lost,True,0,0,1,1,0,0,0,2,0,0,0,0,0,0,0,5,8,0,0,0,2,0,0,0,0,0,Parked,1,3,2,Offense,,Pretty consistent in scoring but missed some and was a little slw,,
2025-03-22T21:07:02.799401,2438,15,Red,Left,Piper ,Won,True,0,0,0,0,0,0,0,0,0,0,0,0,0,0,0,0,1,0,0,0,0,0,3,0,0,3,Parked,1,2,1,Offense,,The bot was clanky and at one point it just kept going back and forth back and forth,,
2025-03-22T23:21:46.990680,2438,23,Blue,Right,Iokea,Lost,True,0,0,0,1,0,0,0,1,0,0,0,0,0,0,0,2,3,0,0,2,0,0,0,0,0,1,None,1,3,3,Offense,,,,
2025-03-23T19:26:50.048863,2438,51,Red,Right,Iokea,Lost,True,0,0,0,0,0,0,0,0,0,0,0,0,0,0,2,3,3,0,1,0,0,0,0,0,0,3,None,1,3,4,Offense,,,,
2025-03-23T20:32:54.623329,2438,59,Blue,Right,Noah,Tie,True,0,0,0,2,0,0,0,1,0,0,0,0,0,0,2,5,6,0,0,1,1,0,0,0,0,0,Parked,3,5,4,Offense,,,,
2025-03-23T21:01:39.152938,2438,62,Red,Right,Piper ,Won,True,0,0,0,0,0,0,0,2,0,0,0,0,0,0,4,1,2,0,0,1,2,0,0,0,0,2,None,1,3,3,Offense,,Went at a decently fast rate and also scored very decently,,
2025-03-22T19:36:34.367977,2438,6,Red,Right,Wynn ,Won,True,0,0,0,1,0,0,0,0,0,0,0,0,0,1,3,2,5,0,0,2,0,0,0,0,0,1,,1,4,3,Offense,,Scored well rushed a bit,,
2025-03-22T21:23:20.529424,2441,17,Blue,Left,Dylan,Lost,True,0,0,0,0,0,0,0,0,0,0,0,0,0,2,1,0,0,1,2,0,0,0,0,0,0,0,Parked,1,3,2,Offense,,Very slow in scoring.  Slow in in taking and spent 10 seconds trying to align corals.  ,Auto crosses line,
2025-03-23T01:26:03.172447,2441,35,Red,Left,Thomas ,Lost,True,0,0,0,0,0,0,0,0,0,0,0,0,0,0,0,0,0,1,0,0,0,0,0,0,0,0,Parked,1,3,1,Neither,,Very slow,,
2025-03-23T19:18:12.807992,2441,50,Blue,Right,Marcus Salvador,Lost,True,0,0,0,0,0,0,0,0,0,0,0,0,0,0,1,0,0,0,1,0,0,0,0,0,0,0,Parked,1,3,2,Offense,None (Didn‚Äôt perform a defense moves) ,The robot was doing a good job with scoring a point on L2/L3. Yet they were wandering around. ,The bot only moved a foot backwards. ,No comment (not enough info)
2025-03-23T19:50:10.245280,2441,54,Red,Right,Wynn ,Lost,True,0,0,0,0,0,0,0,0,0,0,0,0,0,0,0,1,0,0,1,1,0,0,0,0,0,0,Deep Climb,1,2,1,Offense,,Mad shit wobbly missed too much took too long to miss,,
2025-03-23T20:33:08.236182,2441,59,Blue,Left,Thomas,Lost,True,0,0,0,0,0,0,0,0,0,0,0,0,0,0,1,1,0,0,1,0,0,0,0,0,0,0,None,1,1,1,Offense,,"Very slow, coral gets stuck in intake, driver indecisive ",,
2025-03-22T19:27:46.922360,2441,5,Red,Right,Thomas,Lost,True,0,0,0,0,0,0,0,0,0,0,0,0,0,0,0,0,0,0,0,1,0,0,1,0,1,1,Parked,2,2,2,Both,Went to do defense after they couldnt score. Defense not effective.,"Very slow, set heights are wrong so they cant score coral",,
2025-03-23T21:09:23.634094,2441,63,Blue,Left,Colt,Lost,True,0,0,0,0,0,0,0,0,0,0,0,0,0,3,1,0,0,1,1,0,0,0,0,0,0,0,Parked,1,3,2,Offense,,Ok went for l1 and l2,,
2025-03-22T19:54:55.022011,2441,8,Red,Center,David,Won,True,0,0,0,0,0,0,0,0,0,0,0,0,0,0,0,0,0,0,0,0,0,0,0,0,0,0,Parked,1,2,1,Neither,,,,"Literally did nothing, probably defended own team or something "
2025-03-22T21:30:54.750745,2443,18,Red,Center,Pipee,Won,True,0,0,0,0,0,0,0,0,0,0,0,0,0,0,4,4,2,0,0,0,0,0,0,0,0,4,,3,3,3,Defense,,Kept bumping into everywhere,,
2025-03-23T00:02:34.663892,2443,29,Red,Center,Marcus Salvador,Lost,False,0,0,0,1,0,0,0,0,0,0,0,0,0,0,0,0,4,0,0,0,1,0,0,0,0,0,None,1,3,3,Offense,None ,They struggled against a blue alliance team not that blocked their view and way of receiving an algae. ,It placed one algae into the reef ,No comment 
2025-03-23T00:52:28.828687,2443,31,Blue,Right,Dylan,Won,False,0,0,0,1,0,0,0,0,0,0,0,0,0,0,2,4,1,1,0,0,0,0,0,1,0,1,Parked,1,5,4,Offense,,Pretty fast in scoring and movement speed.  ,Auto scores a level 4 coral,
2025-03-23T01:17:56.627193,2443,34,Blue,Center,Iokea,Lost,True,0,0,0,0,0,0,0,1,0,0,1,0,0,0,0,0,7,0,0,0,1,0,0,0,0,0,Parked,1,4,3,Offense,,,,
2025-03-22T19:11:59.333771,2443,3,Red,Center,Wynn ,Won,True,0,0,0,1,0,0,0,0,0,0,1,0,1,1,1,4,2,0,0,0,2,1,0,1,0,2,Parked,1,4,3,Offense,,Scored but missed a few at the start,Almost scored barge but got stuck,
2025-03-23T03:07:13.652732,2443,44,Blue,Center,Hamin ,Won,True,0,0,0,0,0,0,0,0,0,0,0,0,0,0,1,3,3,0,0,0,1,0,0,0,0,0,None,3,3,2,Offense,,,,
2025-03-23T19:10:48.368777,2443,49,Red,Center,Hamin,Won,True,0,0,0,1,0,0,0,0,0,0,0,0,0,0,3,1,2,1,0,0,0,0,0,0,0,0,None,1,2,2,Both,,,,"They mainly used a strategy of scoring through L4 and L2, but they were unable to score much due to the opponent‚Äôs defense."
2025-03-23T19:34:49.198717,2443,52,Red,Center,Keahi,Won,True,0,0,0,1,0,0,0,0,0,0,0,0,1,0,1,2,3,0,1,0,2,0,0,0,0,1,Parked,1,2,3,Offense,None,Fast cycle but bad when defended,Consistent ,Good alge
2025-03-23T20:06:06.410757,2443,56,Blue,Center,Dylan,Won,False,0,0,0,1,0,0,0,0,0,0,0,0,1,0,3,2,7,0,0,0,0,0,0,0,0,2,Parked,1,4,4,Offense,,Pretty fast in movement speed and elevator speed.  Takes about a second trying to align corals.  ,,
2025-03-23T21:10:20.867876,2443,63,Red,Left,Hamin ,Won,True,0,0,0,1,0,0,0,1,0,0,0,0,0,1,0,4,5,0,0,0,0,0,0,0,0,0,None,3,5,5,Offense,,,,"The speed was faster than other robots. The path was generally clockwise, mainly focusing on L4 to contribute to the score."
2025-03-22T19:36:36.699045,2443,6,Blue,Center,Iokea,Lost,True,0,0,0,1,0,0,0,2,0,0,0,0,0,0,0,0,0,0,0,0,0,0,0,0,0,0,,1,2,2,Neither,,,,stopped on L4 while attempting to score coral
2025-03-22T20:45:01.836823,2445,13,Red,Left,Piper,Lost,True,1,0,0,1,0,0,0,0,0,0,0,0,0,1,0,1,3,0,0,0,1,0,0,0,0,1,,1,3,2,Offense,,They didn‚Äôt do too bad by it wasn‚Äôt consistent and they got stuck on algae near the ebd,,
2025-03-22T21:31:27.190030,2445,18,Red,Left,Wynn ,Won,True,0,0,0,0,0,0,0,0,0,0,0,0,0,0,0,0,0,0,0,0,0,0,0,0,0,0,Parked,3,2,3,Defense,Blocked 1 scorer 90% of the time ,,,
2025-03-22T23:32:11.078306,2445,24,Blue,Left,Dylan,Won,False,0,0,0,0,0,0,0,1,0,0,0,0,0,0,1,3,4,0,0,0,1,0,0,0,0,0,Parked,1,4,3,Offense,,Pretty fast in movement but spent 2-3 seconds trying to align corals.  Pushed their alliance back to park at the 20 second mark.  ,Auto tried to score a level 4 coral and missed,
2025-03-22T23:40:27.549180,2445,25,Blue,Center,Colt,Lost,True,0,0,0,1,0,0,0,0,0,0,0,0,0,0,0,0,5,0,0,0,0,0,0,0,0,0,None,1,2,2,Offense,,,,
2025-03-23T01:35:20.456687,2445,36,Blue,Left,Colt,Won,True,0,0,0,1,0,0,0,1,0,0,0,0,0,0,0,0,2,0,0,0,1,0,2,0,0,0,None,3,3,3,Offense,,,,
2025-03-23T02:44:18.168863,2445,41,Red,Left,Piper,Lost,True,0,0,0,1,0,0,0,0,0,0,0,0,0,0,0,3,6,0,0,0,0,0,1,0,0,2,None,1,3,3,Offense,,Could do a few of the levels but it wasn‚Äôt consistent jumped from different things,,
2025-03-23T03:14:42.402972,2445,45,Red,Left,Piper ,Tie,True,0,0,0,0,0,0,0,1,0,0,0,0,0,0,0,0,2,0,0,0,5,0,0,0,0,0,Parked,1,3,2,Offense,,,,
2025-03-23T19:18:20.315252,2445,50,Red,Left,Hayden,Won,False,0,0,0,1,0,0,0,1,0,0,0,0,0,0,0,0,0,0,0,0,0,0,3,0,0,1,None,2,3,4,Offense,,"-Focused on putting algae in the processor 
",,-got stuck in front of the processor 
2025-03-23T20:23:22.548725,2445,58,Red,Left,Iokea,Lost,True,0,0,0,0,0,1,0,0,0,0,0,0,0,0,4,0,0,0,0,0,0,0,0,0,0,0,Parked,1,3,4,Offense,,,,
2025-03-23T21:09:08.524684,2445,63,Blue,Right,Thomas,Lost,True,0,0,0,1,0,0,0,1,0,0,0,0,0,0,0,0,2,0,0,0,4,0,0,0,0,2,None,1,2,2,Offense,,"Human player does not know how to load coral into bot, failed 7 times",,
2025-03-22T19:45:27.670698,2445,7,Blue,Center,Colt,Lost,True,0,0,0,0,0,0,0,1,0,0,0,0,0,0,0,0,0,0,0,0,0,0,1,0,1,1,,3,3,3,Defense,Got stuck,,,
2025-03-22T20:44:44.844951,2465,13,Blue,Center,Thomas,Won,True,0,0,0,0,0,0,0,1,0,0,0,0,1,0,0,0,6,0,0,0,1,0,0,0,0,0,Deep Climb,1,2,1,Offense,,Missed 6 coral from station because no funnel,Missed L4,
2025-03-22T23:13:33.141282,2465,22,Red,Center,Wynn ,Won,True,0,0,0,0,0,0,0,0,0,0,0,0,0,1,1,3,0,0,1,1,0,0,0,0,0,0,Deep Climb,1,3,3,Offense,,,,
2025-03-22T23:12:56.991384,2465,23,Red,Center,Marcus Salvador ,Won,True,0,0,0,1,0,0,0,0,0,0,0,0,0,1,0,3,0,0,0,0,0,0,0,1,0,0,Shallow Climb,2,4,4,Offense,None ,Effectively with placing its Algae on the reef. Struggles with removing a light blue bubble ball but did well. ,"It took on Algae & placed it on L4. It also removed the light blue bubble ball from the reef. 
Each performed a task",No comment.
2025-03-23T02:35:07.028297,2465,40,Red,Left,Wynn ,Won,True,0,0,0,1,0,0,1,5,0,0,0,0,0,0,0,0,5,0,0,0,0,0,0,0,0,0,None,1,3,3,Offense,,,,
2025-03-23T19:01:37.545575,2465,48,Red,Center,Wynn ,Lost,True,0,0,0,1,0,0,0,0,0,0,0,0,0,0,0,0,6,0,0,0,2,0,0,0,0,0,Deep Climb,1,4,3,Offense,,Drove well like a 359 but not as good driving and no ground pick up,Ends w processor score but still needs some work,
2025-03-23T20:23:49.669682,2465,58,Blue,Center,Dylan,Won,False,0,0,0,0,0,0,0,1,0,0,0,0,0,0,0,0,5,0,0,0,0,0,0,0,0,1,Deep Climb,1,4,3,Offense,,Pretty fast in movement speed and elevator movement.  Just kind of spends at least 2 seconds trying to align corals.  Spent at least 13 seconds trying to do a deep cage climb.  ,,
2025-03-22T19:28:05.451304,2465,5,Red,Center,Piper,Lost,True,0,0,0,1,0,0,0,0,0,0,0,0,1,0,0,0,2,0,0,0,1,0,1,0,0,2,Deep Climb,1,3,2,Offense,,Half of the time it moved around aimlessly or it was moving around very shaking and almost fell over because of the arm being out,Scored a l4 right off the bat,
2025-03-23T20:53:23.732300,2465,61,Red,Center,Piper ,Won,True,0,0,0,1,0,0,0,0,0,0,0,0,0,0,0,0,6,0,0,0,1,0,0,0,0,1,None,2,4,3,Offense,,Very consistent going back and forth mainly scored on l4 not in any other level.  Was also doing most of the work ,,
2025-03-22T20:03:16.626822,2465,9,Red,Center,Thomas,Lost,True,1,0,0,0,0,0,0,1,0,0,0,0,0,0,0,0,0,0,0,0,0,0,0,0,0,0,Parked,1,1,1,Both,"Not effective defense, gave penalty points",Human player missed coral 3 times from station then they gave up and switched to defense,Drove forward,No funnel on robot so cannot consistently collect from station.
2025-03-22T20:45:07.587589,2477,13,Red,Right,Marcus Salvador ,Lost,True,0,0,0,0,0,0,0,0,0,0,0,0,0,0,0,5,0,0,0,0,0,0,0,0,0,4,None,3,2,3,Offense,It didn‚Äôt do so well against being in a defense position. ,Does well under pressure and can only grab Algae when it gets dropped. ,Performed by simply moving straight forward ,No comment 
2025-03-23T02:27:22.443680,2477,39,Red,Left,Wynn ,Lost,True,0,0,0,0,0,0,0,0,0,0,0,0,0,0,0,5,0,0,0,1,0,0,0,0,0,0,None,1,2,2,Offense,,Station to claw issue ,,
2025-03-23T03:07:14.875338,2477,44,Red,Left,Noah,Lost,True,0,0,0,0,0,0,0,0,0,0,0,0,0,0,0,5,0,0,0,0,2,0,0,0,0,2,None,2,3,4,Offense,,Coral falls out when collision with reef,,
2025-03-22T19:18:51.038025,2477,4,Red,Center,Piper,Lost,True,0,0,0,0,0,0,0,0,0,0,0,0,0,0,1,6,0,1,0,1,0,0,0,0,0,3,Parked,2,3,2,Offense,,There was some times where they missed and their robot rocked back and forth. It almost feel over one time and kept having to bump against the reef to get the coral that was inputted from human player.,,
2025-03-23T19:49:22.466207,2477,54,Red,Center,Noah,Won,True,0,0,0,0,0,0,0,0,0,0,0,0,0,0,0,0,0,0,0,0,0,0,4,0,0,1,Parked,3,3,4,Offense,,,,
2025-03-23T20:42:49.384879,2477,60,Red,Left,Piper ,Lost,True,0,0,0,0,0,0,0,0,0,0,0,0,0,0,3,1,0,0,0,0,0,0,0,0,0,4,Parked,3,3,3,Offense,,Kept getting hit or pinned by the opposing defense. Was having hard time lining up to aim for the middle coral reefs,,
2025-03-23T21:17:22.645161,2477,64,Red,Right,Piper ,Lost,True,0,0,0,0,0,0,0,0,0,0,0,0,0,0,1,4,0,0,0,0,0,0,1,0,0,2,Parked,1,2,1,Offense,,Descored l2 scoring l3,,
2025-03-22T20:03:15.348007,2477,9,Blue,Right,Colt,Lost,True,0,0,0,0,0,0,0,0,0,0,0,0,0,2,0,1,0,0,2,1,0,0,0,0,0,1,Parked,1,1,2,Offense,,"Missed a lot
Ahhhhhhhhhh!!!!!!!!!",,
2025-03-22T21:06:32.764404,2853,15,Blue,Left,Dylan,Lost,False,0,0,0,0,0,0,0,0,0,0,0,0,0,0,0,0,0,0,0,0,0,0,0,0,0,0,Parked,1,1,1,Offense,,Very slow in speed.  Broke down upon entering tele-op but came alive 10 seconds after.  Tried to intake an algae but then went straight to try hang on deep cage with 1 minute remaining.  Was unsuccessful and just parked.  ,No auto,
2025-03-22T19:04:16.046381,2853,2,Red,Right,Thomas,Lost,True,0,0,0,0,0,0,0,0,0,0,0,0,0,0,0,1,0,0,2,0,0,0,2,0,3,1,Parked,3,3,3,Offense,,Missed L2 coral twice because no elevator set heights. Terrible driving.,,
2025-03-23T01:42:35.517508,2853,38,Red,Left,Marcus Salvador ,Won,False,0,0,0,0,0,0,0,0,0,0,0,0,0,0,2,1,0,0,0,1,3,0,0,0,0,0,None,1,4,2,Offense,None ,They struggled with placing algae into the reef. It was a stroke of luck with getting at least two in. ,It only move forward ,No comment 
2025-03-23T02:58:56.365188,2853,43,Blue,Right,Iokea,Lost,True,0,0,0,0,0,0,0,0,0,0,0,0,0,0,3,2,0,0,0,0,0,0,0,0,0,1,None,1,4,4,Offense,,,,
2025-03-23T19:11:13.340442,2853,49,Red,Right,Hayden,Won,True,0,0,0,0,0,0,0,0,0,0,0,0,0,0,2,1,0,0,0,1,0,0,2,0,0,1,Deep Climb,1,2,4,Offense,,,,
2025-03-23T19:57:21.748578,2853,55,Blue,Right,Thomas,Won,True,0,0,0,0,0,0,0,0,0,0,0,0,0,0,1,3,0,0,0,3,0,0,0,0,0,2,Parked,1,1,2,Offense,,"Very slow, not good at putting coral on because all manual",,
2025-03-23T20:33:40.621112,2853,59,Red,Center,Hamin,Won,True,0,0,0,0,0,0,0,0,0,0,0,0,0,0,0,3,0,1,0,2,0,0,0,0,0,0,Shallow Climb,3,3,2,Offense,,,,They mainly used a strategy of scoring through  L3. 
2025-03-23T21:32:55.576563,2853,65,Red,Left,Hamin,Lost,True,0,0,0,0,0,0,0,0,0,0,0,0,0,0,0,1,0,0,0,0,0,0,2,0,0,0,Shallow Climb,1,1,1,Offense,,,,"Their Points were scored based on L3, but in terms of speed, direction, and overall driving skills, there were weaknesses."
2025-03-22T18:55:51.194691,2896,1,Blue,Left,Dylan,Won,False,0,0,0,0,0,0,0,0,0,0,0,0,0,0,0,0,0,0,0,0,0,0,0,0,0,0,Parked,3,4,4,Defense,Defended right coral station.  Relied on push power.  Prevented everyone except 6317 from getting coral.  Spent the last 20 seconds on trying to hang deep cage.  ,,,
2025-03-22T23:12:38.836109,2896,22,Blue,Left,Dylan,Lost,True,0,0,0,0,0,0,0,0,0,0,0,0,0,0,0,0,0,0,0,0,0,0,0,0,0,0,Parked,1,1,1,Neither,,Broken down upon entering tele-op.  Was pushed back to park by another robot.  ,Auto crosses line,
2025-03-22T23:46:54.241123,2896,26,Red,Left,Noah,Won,True,0,0,0,0,0,0,0,0,0,0,0,0,0,0,0,0,0,0,0,0,0,0,0,0,0,0,Parked,4,3,3,Defense,Focus: preventing blue coral collection from station,,,
2025-03-23T00:52:30.692752,2896,31,Red,Right,Piper,Lost,True,0,0,0,0,0,0,0,0,0,0,0,0,0,0,0,0,0,0,0,0,0,0,0,0,0,0,Parked,3,3,1,Defense,Mainly went back and forth and hit 4270 a lot,,,
2025-03-23T01:34:59.247518,2896,36,Red,Right,Noah,Lost,True,0,0,0,0,0,0,0,0,0,0,0,0,0,0,0,0,0,0,0,0,0,0,0,0,0,0,Parked,3,2,2,Defense,"Appears to be a purely defensive design. Not enough strength to mount successful defense. 
",,,Little sluggish should be faster for defense. 
2025-03-23T18:53:11.552554,2896,47,Blue,Left,Hayden,Lost,True,0,0,0,0,0,0,0,0,0,0,0,0,0,0,0,0,0,0,0,0,0,0,0,0,0,0,None,3,2,2,Defense,,,,Got stuck on algae majority of the match
2025-03-23T19:17:34.178096,2896,50,Red,Center,Hamin,Won,True,0,0,0,0,0,0,0,0,0,0,0,0,0,0,0,0,0,0,0,0,0,0,0,0,0,0,None,4,4,1,Defense,,,,"They did not contribute to scoring but took on a defensive role in the opponent‚Äôs territory, mainly blocking 3881. However, they could no longer move due to coral algae, which was caused by ‚Äòdriver skill issues.‚Äô"
2025-03-23T20:43:21.842497,2896,60,Red,Right,Hamin,Lost,True,0,0,0,0,0,0,0,0,0,0,0,0,0,0,0,0,0,0,0,0,0,0,0,0,0,0,Parked,1,1,1,Neither,,,,"When they went to the enemy‚Äôs side to defend,  couldn‚Äôt block any of the opponents. Moreover, the robot parts broke."
2025-03-22T19:36:38.543305,2896,6,Blue,Left,Colt ,Lost,True,0,0,0,0,0,0,0,0,0,0,0,0,0,0,0,0,0,0,0,0,0,0,0,0,0,0,None,2,3,2,Defense,nan,nan,nan,nan
2025-03-22T20:37:17.746821,3008,12,Red,Right,Marcus Salvador ,Lost,False,0,0,0,0,0,0,0,1,0,0,0,0,0,2,0,3,0,2,0,0,0,0,0,0,0,2,Deep Climb,3,3,3,Both,It seems to do a decent job for defense when going up against a blue alliance robot. When reaching for an Algae. ,Performs good and has durable parts. Especially when the algae dropped on their robot. ,It performs a decent job but not a perfect one. Unreliable if you ask me.,No comment 
2025-03-22T23:12:58.010883,3008,22,Blue,Center,Iokea,Lost,True,0,0,0,0,0,0,0,1,0,0,0,0,0,0,0,0,5,0,0,0,1,0,0,0,0,0,Parked,1,3,4,Offense,,,,
2025-03-22T23:39:36.222359,3008,25,Red,Center,Noah,Won,True,0,0,0,0,0,0,0,1,0,0,0,0,0,5,1,0,0,2,1,0,0,0,0,0,0,0,Shallow Climb,2,3,3,Offense,,Prefers lvl 1 ,,
2025-03-23T00:11:57.712974,3008,29,Blue,Left,Iokea,Lost,True,0,0,0,0,0,0,0,1,0,0,0,0,0,1,0,0,1,1,0,0,2,0,0,0,0,0,Shallow Climb,1,2,2,Offense,,,,
2025-03-22T19:04:16.559915,3008,2,Blue,Left,Dylan,Won,False,0,0,0,0,0,0,0,1,0,0,0,0,0,1,0,0,4,1,0,0,2,0,0,0,0,0,Deep Climb,1,3,2,Offense,,Spent time trying to score level 4 corals.  Slow in scoringz,"Auto tried to score x1 level 4 coral, and score x1 level 1 coral.  Missed on the level 4 coral and human player missed the coral which lead to the 3008 not to not scoring the level 1 coral.",
2025-03-23T01:19:02.250570,3008,34,Red,Left,Hamin,Won,True,1,1,0,0,0,0,0,0,0,0,0,0,0,0,1,2,1,0,0,0,0,0,0,0,0,0,Deep Climb,2,3,3,Offense,Slow,,,
2025-03-23T18:55:51.977589,3008,47,Red,Left,Hamin,Won,True,0,0,0,0,0,0,0,1,0,0,0,0,0,1,2,0,1,1,0,0,1,0,2,0,1,0,Deep Climb,2,4,2,Offense,,,,There is a tendency to score mainly through coral.
2025-03-23T19:56:49.950013,3008,55,Blue,Center,Noah,Lost,True,0,0,0,0,0,0,0,0,0,0,0,0,0,0,0,0,5,0,0,0,3,0,0,0,0,0,Shallow Climb,2,3,4,Offense,,,,
2025-03-23T20:23:15.464264,3008,58,Red,Center,Wynn ,Lost,True,0,0,0,0,0,0,0,1,0,0,0,0,0,0,0,2,5,0,0,0,0,0,0,0,0,0,Deep Climb,1,3,2,Offense,,Got stuck on ball had to pop,,
2025-03-23T20:59:04.143028,3008,62,Blue,Left,Noah,Lost,False,1,0,0,0,1,0,0,0,0,0,0,0,0,1,0,0,5,0,0,0,2,0,0,0,0,0,Parked,1,4,2,Offense,,,,
2025-03-22T19:36:37.300661,3008,6,Red,Left,David,Won,True,0,0,0,0,0,0,0,0,0,0,0,0,0,2,1,2,0,1,1,1,0,0,0,0,0,1,Parked,1,2,1,Offense,,Paused during teleop after describing an algae for quite amount of time,,
2025-03-23T00:43:22.293030,3501,30,Red,Right,Noah,Won,True,0,0,0,3,0,0,0,0,0,0,0,0,0,0,0,0,10,0,0,0,0,0,0,0,0,0,None,2,5,4,Offense,,Efficient scoring,,
2025-03-22T19:11:44.861895,3501,3,Red,Center,Piper,Won,True,0,0,0,0,0,0,0,0,0,0,0,0,0,0,0,3,7,0,0,0,2,0,0,0,0,0,,1,3,3,Offense,,,,Was pretty good was still for a solid second and was rocking when arm went up
2025-03-23T03:08:17.837130,3501,45,Red,Right,Marcus Salvador,Won,False,1,0,0,2,0,0,0,6,0,0,0,0,0,0,2,2,6,0,0,0,0,0,0,0,0,0,None,3,3,3,Offense,None ,They maneuvered through the obstacle pretty fast. They made a huge impact on the match. ,The auto scored only one shot for them.,No comment
2025-03-23T18:53:30.456499,3501,47,Blue,Right,Colt,Lost,False,0,0,0,3,0,0,0,0,0,0,0,0,0,0,0,5,9,0,0,0,0,0,0,0,0,0,None,1,3,4,Offense,,Did pretty good missed nothing got all L4,,
2025-03-23T19:26:27.841827,3501,51,Red,Left,Wynn ,Lost,False,0,0,0,2,0,0,0,0,0,0,0,0,0,0,4,7,2,0,0,0,0,0,0,0,0,3,Parked,1,4,5,Offense,,Really accurate really good would first pick if we were lower ,,
2025-03-23T20:42:50.233264,3501,60,Blue,Center,Thomas,Won,True,0,0,0,1,0,0,0,1,0,0,0,0,0,0,0,1,7,0,0,1,2,0,0,0,0,1,None,1,4,4,Offense,,Got defended,,
2025-03-23T21:31:54.224852,3501,65,Blue,Left,Thomas,Won,False,0,0,0,0,0,0,0,0,0,0,0,0,0,0,2,6,7,0,0,1,0,0,0,0,0,1,None,1,5,5,Offense,,Fast,,
2025-03-22T19:45:18.005327,3501,7,Blue,Left,Dylan,Lost,False,0,0,0,1,0,0,0,1,0,0,0,0,0,0,0,0,4,0,0,0,1,0,0,0,0,1,,1,4,4,Offense,,Got stuck on algae at 2 minute mark.  Got freed by 2445.  Spent 2 seconds trying to align.   Pretty fast in scoring.,,
2025-03-22T20:36:42.156428,359,12,Blue,Right,Colt,Won,False,0,0,0,2,0,0,0,0,0,0,0,0,0,2,3,3,5,0,0,0,2,2,0,0,0,0,Deep Climb,1,4,5,Offense,,,,
2025-03-22T21:23:30.747631,359,17,Red,Right,Thomas,Won,True,0,0,0,2,0,0,0,1,0,0,0,0,0,1,4,3,3,0,1,1,0,0,4,0,0,2,,3,5,5,Offense,,"Good, scored 2 algae in blue processor and 2 in red processor",2/3 L4,
2025-03-22T23:46:34.861622,359,26,Red,Right,L,Won,True,0,0,0,2,0,0,1,0,0,0,0,0,0,0,0,0,7,0,0,0,2,2,0,0,0,2,Deep Climb,2,4,4,Offense,,,,
2025-03-22T23:47:50.835749,359,27,Red,Right,Marcus Salvador ,Won,False,0,0,0,2,0,0,0,0,0,0,0,0,0,0,0,0,9,0,0,0,2,0,0,3,0,0,Deep Climb,3,3,3,Offense,,"They did good with placing the algae into the reef, light blue bubble balls into the net & with climbing.",Their auto performed only 1 task and stopped after they had put a algae into the reef.,No comment 
2025-03-23T00:11:35.600041,359,30,Red,Right,Marcus Salvador ,Won,False,0,0,0,2,0,0,0,0,0,0,0,0,0,3,2,1,3,0,0,0,0,0,0,0,0,3,Deep Climb,3,3,3,Offense,None ,They were dropping a lot of algae into L4 & L1 but a blue alliance bot was in the way and gave this team little time to do L2 & L3,They only dropped one algae into L4 ,No comment 
2025-03-23T01:18:01.811728,359,34,Red,Right,Thomas ,Won,True,0,0,0,2,0,0,0,0,0,0,0,0,0,0,2,3,2,0,0,2,0,0,0,1,0,2,Deep Climb,1,4,4,Offense,,Got defended,,
2025-03-23T03:33:28.697296,359,46,Blue,Right,Iokea,Lost,True,0,0,0,1,0,0,0,0,0,0,0,0,0,0,0,2,3,0,0,0,0,1,1,0,0,2,Deep Climb,1,4,4,Offense,,,,
2025-03-23T01:55:27.744123,359,4,Blue,Right,Dylan,Won,True,0,0,0,1,0,0,0,1,0,0,0,0,0,0,3,4,3,0,2,3,0,0,0,0,0,2,Deep Climb,1,5,3,Offense,,Missed their,"Fast at scoring, missed mutiple level 2 and 3s",Took longer than usual for deep climb
2025-03-23T19:27:17.776103,359,51,Blue,Left,Noah ,Won,True,0,0,0,2,0,0,0,0,0,0,0,0,0,0,3,4,2,0,4,1,0,0,0,0,0,1,Shallow Climb,3,5,4,Offense,Was knocked off @ station ,"Focused mainly on collecting coral from around the field; filled out L4 coral, moves on to 3 then 2; later went for coral from station and began to miss consecutively on L2",,
2025-03-23T20:06:02.459283,359,56,Red,Left,Piper ,Lost,True,0,0,0,2,0,0,0,0,0,0,0,0,0,0,2,0,9,0,0,2,1,0,0,0,0,1,Deep Climb,3,3,3,Offense,,Was pretty consistently scoring until it tried going faster and rushed at the end. The accuracy of the bot is okay it misses the reef if it‚Äôs not close enough or right above it.,,
2025-03-23T21:32:56.315085,359,65,Blue,Right,Marcus Salvador,Won,False,0,0,0,2,0,0,0,0,0,0,0,0,0,1,4,4,3,0,0,0,0,0,0,0,0,2,Deep Climb,3,3,3,Both,They seemed to do well for defense. Against all the obstacles they faced it,"The team was tight, coordinating with communicating, and was fast. ",The auto was quick on its wheels and never missed a placing a coral into a reef,No comment
2025-03-22T20:17:11.930022,368,10,Red,Center,Wynn ,Won,True,0,0,0,0,0,0,0,1,0,0,0,0,0,1,0,2,0,0,3,4,3,0,0,0,0,3,Parked,1,4,1,Offense,,Rookie driver? Lime light error?,,
2025-03-22T21:06:31.051164,368,15,Blue,Center,Iokea,Lost,True,0,0,0,0,0,0,0,0,0,0,0,0,0,0,0,0,0,0,1,0,0,1,0,1,0,4,,1,3,2,Offense,,,,
2025-03-22T23:47:03.655169,368,26,Blue,Center,Thomas ,Lost,True,0,0,0,0,0,0,0,1,0,0,0,0,0,0,1,0,1,0,0,0,0,0,0,1,0,3,None,1,2,2,Offense,,"Missed coral 5 times at station, very slow to react to defense ",,
2025-03-23T01:09:49.700072,368,33,Blue,Center,Iokea,Won,True,0,0,0,1,0,0,0,0,0,0,0,0,0,0,1,0,1,0,0,1,2,0,0,0,0,5,None,1,4,3,Offense,,,,
2025-03-22T19:12:36.580560,368,3,Blue,Center,Dylan,Lost,False,0,0,0,0,0,0,0,0,0,0,0,0,2,2,0,0,0,0,0,5,0,0,2,1,0,2,,1,3,2,Offense,,Tried to score multiple level 3 corals and missed almost all of them.  Spent time trying to align.,Tried to score x1 level 4 coral but missed.,
2025-03-23T02:35:39.584581,368,41,Red,Left,Marcus Salvador,Won,True,0,0,0,0,0,0,0,0,0,0,0,0,0,0,1,3,0,1,0,2,1,0,0,0,0,0,None,1,3,2,Neither,None ,They definitely tried to place some algae‚Äôs into the reef sides. It wasn‚Äôt perfect but they got the job finished.,None (They didn‚Äôt do much),No comment
2025-03-23T03:14:47.674937,368,46,Red,Right,Marcus Salvador ,Lost,False,0,0,0,0,0,0,0,1,0,0,0,0,0,0,0,1,5,0,0,1,3,0,0,0,0,3,None,3,3,3,Offense,None,They removed a lot of algae of the reef. They also scored a lot for L4,None (Tried to score but missed),No comments
2025-03-23T19:26:47.746370,368,51,Blue,Center,Colt,Won,False,0,0,0,1,0,0,0,0,0,0,0,0,0,0,0,0,0,0,0,0,0,0,0,0,1,0,None,3,3,3,Offense,,Did processor ,,
2025-03-23T20:13:43.447195,368,57,Red,Center,Wynn ,Lost,True,0,0,0,1,0,0,0,0,0,0,0,0,0,0,0,0,4,0,0,1,2,1,0,0,0,1,None,1,3,3,Offense,,Something wrong with alignment or claw,,
2025-03-23T21:00:55.555574,368,62,Red,Center,Iokea,Won,True,0,0,0,1,0,0,0,0,0,0,0,0,0,0,0,0,0,0,0,0,0,6,1,0,0,5,None,1,4,3,Offense,,,,
2025-03-22T20:53:19.895462,3721,14,Blue,Center,Iokea,Lost,True,0,0,0,0,0,0,0,0,0,0,0,0,0,0,2,1,1,3,2,0,1,0,0,0,0,0,,1,3,2,Offense,,,,
2025-03-23T00:02:31.821896,3721,28,Blue,Center,Iokea,Won,True,0,0,0,0,0,0,0,1,0,0,0,0,0,2,1,1,1,0,0,0,2,0,0,0,0,1,None,1,3,2,Offense,,,,
2025-03-22T19:03:14.322042,3721,2,Red,Center,Piper,Lost,True,0,0,0,0,0,0,0,0,0,0,0,0,0,0,0,0,0,0,0,0,0,0,0,0,0,0,,1,1,1,Neither,,,Disconnected,During the march it stopped moving and then disconnected mid match for the rest of the match
2025-03-23T02:26:59.143669,3721,39,Red,Center,Noah,Lost,True,0,0,0,1,0,0,0,0,0,0,0,0,0,0,0,0,1,0,0,0,0,0,0,0,0,2,Parked,4,1,2,Offense,,"Didn‚Äôt do much most of the game
",,Almost got to park zone
2025-03-23T03:33:33.161918,3721,46,Red,Center,Piper ,Won,True,0,0,0,1,0,0,0,0,0,0,0,0,0,1,1,0,1,0,2,1,0,0,2,0,0,3,Deep Climb,1,3,3,Offense,,,,
2025-03-23T19:42:18.446654,3721,53,Red,Center,Wynn ,Lost,True,0,0,0,0,0,0,0,1,0,0,0,0,0,1,0,2,1,0,1,0,2,0,0,0,0,1,Parked,1,2,1,Defense,,Slow and messy not a good pick,,
2025-03-23T20:13:52.240800,3721,57,Red,Center,Iokea,Lost,True,0,0,0,0,0,0,0,1,0,0,0,0,0,0,1,1,1,0,0,1,0,0,0,0,0,0,None,1,2,4,Offense,,,,Stuck on algae at the end of the match
2025-03-23T21:00:48.614262,3721,62,Blue,Center,Marcus Salvador,Lost,False,0,0,0,0,0,0,0,1,0,0,0,0,0,0,0,2,1,0,0,2,2,0,0,0,0,1,Parked,1,2,2,Offense,None (Can‚Äôt determine due to the team focusing on scoring on the reef),They weren‚Äôt fast to get to all the algae on the ground or to the people giving them the algae. They still got them and made use of the time they had left.,They scored a point on L2/L3 (I think).,No comment
2025-03-22T19:45:04.292504,3721,7,Red,Center,Marcus Salvador ,Won,False,0,0,0,0,0,0,0,0,0,0,0,0,0,0,0,0,0,0,0,0,0,0,0,0,0,0,None,1,1,1,Neither,N/A ,N/A  (Did not move),N/A (Did not move),3721 robot did not move during auto & Teleop 
2025-03-22T20:36:28.867072,3880,12,Blue,Left,Thomas,Won,True,0,0,0,0,0,0,0,1,0,0,0,0,0,6,0,0,0,1,0,0,0,0,0,0,0,0,Parked,2,2,2,Both,Slow,Only scored L1s.,,
2025-03-22T23:54:59.132460,3880,28,Red,Left,Marcus Salvador ,Won,True,0,0,0,0,0,0,0,0,0,0,0,0,0,0,2,0,0,0,0,0,0,0,0,0,0,2,Parked,3,3,3,Both,They defended themselves by ensuring that blue alliance robot couldn‚Äôt receive a algae from their teammates,They adapted with changing their offensive bot to a defensive bot. ,It moved straight and was about to drop a algae into L4 but stopped,No comment 
2025-03-23T02:27:56.353861,3880,40,Red,Right,Marcus Salvador ,Lost,False,0,0,0,0,0,0,0,0,0,0,0,0,0,6,0,0,0,1,0,0,0,0,0,0,0,0,None,1,3,2,Offense,None ,They only focused on placing algae into the reef‚Äôs bottom.,None (Only moved 2 feet back from starting point),No comment 
2025-03-23T19:16:31.926999,3880,50,Blue,Left,Dylan,Lost,True,0,0,0,0,0,0,0,0,0,0,0,0,0,1,0,0,1,0,0,0,0,0,0,0,0,0,Shallow Climb,1,2,2,Offense,,slow movement speed and VERY SLOW elevator and arm speed.  Went to try shallow climb at 40 second mark.  Took the whole time trying to climb.  Got off the ground but was touching the ground when the buzzer sounded.,Auto crosses line,
2025-03-23T19:56:49.545005,3880,55,Red,Left,Wynn ,Lost,True,0,0,0,0,0,0,0,0,0,0,0,0,0,0,0,0,1,0,0,0,0,0,0,0,0,0,None,1,2,1,Offense,,Took 20 sec on 1 l4 and another 20 on l4 again got coral stuck,,
2025-03-23T20:33:04.561504,3880,59,Red,Right,Iokea,Won,True,0,0,0,0,0,0,0,0,0,0,0,0,0,0,0,0,3,0,0,0,0,0,0,0,0,0,None,1,4,2,Offense,,,,
2025-03-23T21:39:19.538582,3880,66,Blue,Right,Marcus Salvador,Won,False,0,0,0,0,0,0,0,0,0,0,0,0,0,3,0,0,3,0,0,0,0,0,0,0,0,0,Shallow Climb,3,3,3,Both,None ,They were multitasking on the field with catching coral and placing them in the reef. ,None (The bot never moved),No comment
2025-03-22T19:45:14.179684,3880,7,Blue,Right,Iokea,Lost,True,0,0,0,0,0,0,0,0,0,0,0,0,0,4,0,0,1,0,0,0,0,0,0,0,0,0,,5,2,2,Offense,,,,
2025-03-22T20:26:58.903137,3881,11,Blue,Center,Thomas,Won,True,0,0,0,0,1,0,0,0,0,0,0,0,1,1,0,3,0,0,0,1,0,0,0,0,0,2,Shallow Climb,1,1,1,Offense,,"Vere slow, terrible driving. ",Missed coral in auto,Sucks
2025-03-22T21:14:45.854374,3881,16,Red,Center,Wynn ,Lost,True,0,0,0,0,1,0,0,0,0,0,0,0,1,0,1,0,0,0,0,0,0,0,0,0,0,2,Shallow Climb,1,2,1,Offense,,DNP cant get their loads like ever,,
2025-03-22T23:03:47.122174,3881,21,Blue,Center,Dylan,Lost,False,0,0,0,0,1,0,0,0,0,0,0,0,0,0,2,2,0,0,1,0,0,0,0,0,0,2,Parked,1,2,2,Offense,,"Really slow in movement speed and scoring, spent time trying to align corals.  Spent about 10 seconds trying to remove algae from the reef.",Really slow on auto missed a level 1 coral.,
2025-03-23T00:03:37.441693,3881,28,Red,Center,Piper ,Won,True,0,0,0,0,0,0,0,0,0,0,0,0,0,0,1,2,0,0,0,0,0,0,0,0,0,1,Shallow Climb,1,2,2,Offense,,,,
2025-03-22T19:03:30.554801,3881,2,Red,Left,Wynn ,Lost,True,0,0,0,0,0,0,0,0,0,0,0,0,0,0,2,1,0,0,0,0,0,0,0,0,0,1,Shallow Climb,1,1,2,Offense,,0,Drove out,Slow drive didnt know what they're doing 
2025-03-23T02:43:12.670574,3881,42,Red,Center,Marcus Salvador,Lost,False,0,0,0,0,0,0,0,0,0,0,0,0,0,0,1,4,0,1,0,1,0,0,0,0,0,0,Deep Climb,3,3,3,Offense,None ,They grabbed many algae and tried to aim for the L3 reef holes. They did so. They almost tripped after a algae was under their bot.,None (Just moved a feet from starting position),No comments
2025-03-23T03:14:54.164336,3881,45,Blue,Center,Iokea,Won,True,0,0,0,0,0,1,0,0,0,0,0,0,0,0,0,0,0,1,1,1,0,0,0,0,0,3,Shallow Climb,1,4,2,Offense,,,,
2025-03-23T19:18:16.074182,3881,50,Blue,Center,Colt,Lost,True,0,0,0,0,1,0,0,0,0,0,0,0,0,0,0,1,0,0,0,1,0,0,0,0,0,1,None,1,3,2,Offense,,Missed a lot,,
2025-03-23T20:05:46.669730,3881,56,Red,Center,Wynn ,Lost,True,0,0,0,0,0,0,0,0,0,0,0,0,0,0,1,4,0,1,0,0,0,0,0,0,0,2,Shallow Climb,1,1,1,Offense,,Slow like slow walking speed and took like 15 sec per auton,,
2025-03-23T21:16:32.118212,3881,64,Blue,Center,Thomas,Won,True,0,0,0,0,0,0,0,0,0,0,0,0,0,0,0,2,0,1,0,1,0,0,0,0,0,1,Deep Climb,1,1,1,Offense,,Slow,,
2025-03-22T20:03:52.291406,3882,9,Red,Right,Marcus Salvador ,Won,True,0,0,0,0,1,0,0,1,0,0,0,0,0,0,1,3,3,0,0,0,0,0,0,0,0,1,Shallow Climb,3,4,3,Both,It defended itself well against incoming blue alliance robot from in front of them.,They scored many on L4 first and worked their way down to L3. From there did random points on L1,(Couldn‚Äôt tell),No comment 
2025-03-22T21:05:56.199787,3882,15,Red,Center,Noah,Won,False,0,0,0,1,0,0,0,0,0,0,0,0,0,2,2,3,0,1,0,0,0,0,0,0,0,1,Shallow Climb,2,3,3,Offense,,,,
2025-03-22T21:39:22.649498,3882,19,Blue,Center,Dylan,Won,False,0,0,0,0,0,0,0,1,0,0,0,0,0,0,1,3,5,0,0,0,1,0,0,0,0,0,Deep Climb,1,4,4,Offense,,"Scores pretty well on level 4 and level 3 corals.  Doesn‚Äôt take too much time aligning, about 1-3 seconds.  Pretty fast in movement and scoring.  ",Auto moves foward and tries to score a level 4 coral.  Unsuccessful.,
2025-03-22T23:39:49.870384,3882,25,Blue,Right,Dylan,Lost,False,1,0,0,0,0,0,0,1,0,0,0,0,0,0,0,3,4,0,0,0,3,0,0,0,0,2,Parked,1,3,4,Offense,,Tried to climb deep cage but snapped.  Spent 10 seconds doing so.  Pretty fast in movement but spends 2-3 seconds trying to align corals.  ,,
2025-03-23T01:00:03.564542,3882,32,Blue,Right,Iokea,Won,True,0,0,0,0,0,0,0,1,0,0,0,0,0,0,0,2,4,0,0,0,2,0,0,0,0,0,Deep Climb,1,4,2,Offense,,,,
2025-03-23T01:27:01.962383,3882,35,Red,Right,Wynn ,Lost,True,1,0,0,0,0,0,0,1,0,0,0,0,0,0,0,4,3,0,0,0,2,0,0,0,0,0,Parked,1,3,3,Offense,,,,
2025-03-23T02:57:59.903969,3882,43,Red,Right,Noah,Won,True,0,0,0,4,0,0,1,0,0,1,0,0,0,0,0,0,0,0,0,0,0,0,0,0,0,0,Shallow Climb,3,3,3,Offense,,"
",,
2025-03-23T19:41:44.172495,3882,53,Blue,Right,Dylan,Won,False,1,0,0,0,0,0,0,0,0,0,0,0,0,0,0,3,4,0,0,0,2,0,0,0,0,1,Parked,1,4,4,Offense,,Kinda okay in movement speed and elevator speed.  Can score corals kinda consistently.  Tried to climb deep cage but the climb snapped.  ,Auto scores a level 1 coral and goes to station for a level 4 coral.,
2025-03-23T20:05:50.980353,3882,56,Blue,Right,Thomas,Won,True,1,0,0,0,0,0,0,1,0,0,0,0,0,0,0,3,4,0,0,1,1,0,0,0,0,0,Parked,1,4,3,Offense,,"Very unstable, almost tipped",,
2025-03-23T21:40:25.656852,3882,66,Blue,Right,Colt,Won,True,1,0,0,1,0,1,0,0,0,0,0,0,1,1,0,4,5,0,0,1,0,0,0,0,0,0,Deep Climb,1,4,4,Offense,,Did pretty good made most of the coral,,
2025-03-22T20:27:40.808268,4253,11,Blue,Right,Colt,Won,True,0,0,0,3,0,0,0,0,0,0,0,0,0,1,0,1,9,0,0,0,0,0,0,0,0,0,Deep Climb,1,5,5,Offense,,"Did almost everything 
Scored every l4",,
2025-03-22T21:06:24.468721,4253,15,Red,Right,Marcus Salvador ,Won,False,0,0,0,2,0,0,0,0,0,0,0,0,0,0,2,2,2,0,1,1,1,0,0,0,0,0,Parked,1,4,3,Offense,None ,They did swell with maneuvering around their own alliance members. ,They performed well with scoring on L4 ,No comment 
2025-03-22T21:30:46.265822,4253,18,Blue,Right,Colt,Lost,True,0,0,0,3,0,0,0,0,0,0,0,0,0,0,0,0,6,0,0,0,2,0,0,0,0,0,Deep Climb,1,5,4,Offense,,,,
2025-03-22T23:21:49.575053,4253,23,Red,Right,Wynn ,Won,True,0,0,0,0,0,0,0,3,0,0,0,0,0,0,0,0,1,0,0,0,1,0,0,0,0,0,None,1,4,3,Offense,,Coral stuck in bot intake jammed,,
2025-03-22T23:21:45.819646,4253,24,Red,Right,Marcus Salvador ,Won,False,0,0,0,0,0,0,0,0,0,0,0,0,0,0,0,0,1,0,0,0,0,0,0,0,0,0,Shallow Climb,1,3,3,Offense,None ,They did perform well but as soon as they were about to drop an Algae from their intake. It seems to have gotten jammed. ,Their auto did perform well but as soon as they were about to drop an Algae from their intake. It seems to have gotten jammed. ,No comment 
2025-03-23T01:00:05.509124,4253,32,Red,Right,Thomas ,Won,True,0,0,0,1,0,0,0,0,0,0,0,0,0,1,1,0,9,0,1,0,1,0,0,0,0,0,Deep Climb,1,4,4,Offense,,,,
2025-03-23T01:42:11.523776,4253,37,Red,Right,Wynn ,Won,True,0,0,0,3,0,0,0,0,0,0,0,0,0,0,2,3,1,0,0,0,0,0,0,0,0,0,Deep Climb,1,4,4,Offense,,,,
2025-03-23T03:07:45.361469,4253,44,Blue,Center,Iokea,Won,True,0,0,0,3,0,0,0,0,0,0,0,0,0,1,1,1,4,1,0,0,1,0,0,0,0,0,None,1,4,4,Offense,,,,
2025-03-23T19:16:39.483405,4253,50,Red,Right,Wynn ,Won,True,0,0,0,2,0,0,0,0,0,0,0,0,0,0,5,3,3,0,1,1,0,0,0,0,0,0,Deep Climb,1,4,4,Offense,,Drove well miss bc of angle of view,,
2025-03-23T19:50:07.645000,4253,54,Blue,Right,Colt,Won,True,0,0,0,3,0,0,0,0,0,0,0,0,0,1,2,2,4,0,0,1,0,0,0,0,0,0,Deep Climb,1,4,5,Offense,,"Did pretty good 
",,
2025-03-23T20:12:52.592405,4253,57,Blue,Right,Noah,Won,True,0,0,0,2,0,0,0,0,0,0,0,0,0,0,1,4,6,0,1,0,0,0,0,0,0,0,Shallow Climb,3,4,4,Offense,,,,Well coordinated
2025-03-22T19:27:51.706919,4253,5,Blue,Right,Dylan,Won,False,0,0,0,2,0,0,0,1,0,0,0,0,0,0,0,0,10,0,0,0,0,0,0,0,0,0,Deep Climb,1,4,4,Offense,,Fast at scoring yet had to spend some time trying to align.  Spent 10 seconds trying to climb deep cage.,Scored x2 level 4 corals and missed x1 level 4 coral.,
2025-03-23T21:39:24.176284,4253,66,Red,Right,Piper,Lost,True,0,0,0,2,0,0,0,0,0,0,0,0,0,0,0,4,6,0,0,0,0,0,0,0,0,0,Deep Climb,1,4,4,Offense,,Fast scores well,,
2025-03-22T20:53:02.863059,4270,14,Red,Right,Marcus Salvador ,Won,False,0,0,0,3,0,0,0,0,0,0,0,0,0,3,1,4,7,0,3,0,0,0,0,0,0,1,Deep Climb,1,4,3,Offense,None ,"Scored points on L4 and spent more time doing that. Moving down to L3, L2 & L1. Moved at a fast pace on grabbing and scoring.",It scored fast points in auto ,No comment 
2025-03-22T18:56:03.103316,4270,1,Blue,Right,Colt,Won,True,0,0,0,1,0,0,0,1,0,0,0,0,1,0,1,3,6,0,0,2,0,0,0,0,0,2,Deep Climb,1,5,5,Offense,,,,
2025-03-22T23:12:30.748103,4270,22,Red,Center,Noah,Won,True,0,0,0,2,0,0,0,1,0,0,0,0,0,1,2,4,2,2,0,1,1,1,0,0,0,3,Deep Climb,4,4,4,Offense,,,,
2025-03-22T23:54:27.576962,4270,27,Red,Right,Noah,Won,True,0,0,0,4,0,0,0,0,0,0,0,0,0,3,3,5,3,2,0,0,0,0,1,0,0,1,Deep Climb,4,5,4,Offense,,,,
2025-03-23T00:51:46.773598,4270,31,Blue,Right,David,Won,True,0,0,0,2,0,0,0,1,0,0,0,0,0,2,5,1,3,3,0,0,0,1,0,0,0,3,Deep Climb,2,5,4,Offense,,,,Missed many l1 
2025-03-23T01:27:43.952394,4270,35,Blue,Left,Colt,Won,False,0,0,0,1,0,0,0,0,0,0,0,0,0,3,0,3,2,0,0,0,0,0,0,0,0,2,None,1,5,5,Offense,,,,Sorry maybe not most accurate website little glitchy
2025-03-23T18:52:25.149630,4270,47,Red,Right,Wynn ,Won,True,0,0,0,3,0,0,0,1,0,0,0,0,0,4,3,4,4,1,0,0,0,2,0,0,0,3,Deep Climb,1,5,4,Offense,,,,
2025-03-23T19:27:16.344361,4270,51,Blue,Right,Dylan,Won,False,0,0,0,3,0,0,0,0,0,0,0,0,0,0,5,6,4,0,0,1,0,0,0,0,0,1,Deep Climb,1,5,5,Offense,I love you Isaac ,I love you Jesse,I love you Sebastian ,
2025-03-23T20:13:20.739853,4270,57,Blue,Left,Dylan,Won,False,0,0,0,0,0,0,0,1,0,0,0,0,0,4,2,5,4,0,0,1,0,0,2,0,0,2,Deep Climb,1,5,5,Offense,I love you Isaac,I love you Jesse,I love you Sebby,
2025-03-23T21:17:09.739191,4270,64,Blue,Right,Colt,Won,True,0,0,0,2,0,0,0,2,0,0,0,0,1,0,2,6,3,0,0,0,0,0,0,1,0,2,Deep Climb,1,5,5,Offense,,"I loooooooooooooooooooooove u Issac
",,I love üíï u everyone else on the drive team ahhhhh
2025-03-22T19:44:30.741709,4270,7,Red,Right,David,Won,True,0,0,0,2,0,0,0,1,0,0,0,0,0,0,0,1,9,0,0,0,0,0,0,0,1,2,Deep Climb,5,5,5,Both,,,,This match was crazyyy broken intake and soloed still won!!
2025-03-22T20:16:08.167829,4817,10,Blue,Right,David,Lost,True,0,0,0,0,0,0,0,0,0,0,0,0,0,0,0,0,0,0,0,0,0,0,0,0,2,0,Parked,1,1,1,Offense,,Did not score any objects,Crashed with other team,Tried but failed scoring any objects
2025-03-22T20:53:21.388234,4817,14,Red,Left,Noah,Won,True,0,0,0,0,0,0,0,0,0,0,0,0,0,0,0,0,0,0,0,0,0,0,0,0,1,0,Parked,2,1,3,Offense,,Spent entire game trying to score 1 algae; failed,,
2025-03-22T23:32:16.807949,4817,24,Red,Center,Noah,Lost,True,0,0,0,0,0,1,0,0,0,0,0,0,0,0,0,0,0,0,0,0,0,0,0,0,0,0,Parked,2,3,3,Defense,,,,Wasn‚Äôt working for the first 50 seconds of the match
2025-03-23T00:11:14.931912,4817,29,Blue,Right,Colt,Lost,True,0,0,0,0,0,0,0,0,0,0,0,0,0,0,0,0,0,0,0,0,0,0,0,0,0,0,None,2,3,2,Defense,Ok ,,,
2025-03-23T02:49:55.649251,4817,42,Red,Center,Noah,Lost,True,0,0,0,0,0,0,0,0,0,0,0,0,0,0,0,0,0,0,0,0,0,0,1,0,2,0,None,2,3,3,Offense,,Stopped at last 20 seconds ,,
2025-03-23T18:52:52.735283,4817,47,Blue,Right,Marcus Salvador,Lost,False,0,0,0,0,0,0,0,0,0,0,0,0,0,0,0,0,0,0,0,0,0,0,0,0,0,0,None,1,1,1,Neither,None (Choked on match),They moved backwards to the blue alliance side. It spin around. They didn‚Äôt participate in scoring any points as they froze.,None (Didn‚Äôt move),No comment 
2025-03-23T19:34:46.847455,4817,52,Red,Right,Wynn ,Won,True,0,0,0,1,0,0,0,0,0,0,0,0,0,0,0,0,0,0,0,0,0,0,0,0,0,0,None,4,4,3,Offense,Aggressive d inbetween station and reef died touching reef,,,
2025-03-23T20:05:48.739885,4817,56,Red,Right,Iokea,Lost,False,0,0,0,0,0,0,0,0,0,0,0,0,0,0,0,0,0,0,0,0,0,0,0,0,0,0,None,1,1,1,Defense,,,,Broke-down on blue team side defending
2025-03-22T19:28:08.254658,4817,5,Blue,Left,Colt,Won,True,0,0,0,0,0,0,0,0,0,0,0,0,0,2,0,0,0,0,0,0,0,0,0,0,1,0,Parked,1,2,1,Offense,,"Missed a lot 
Raid Zero did everything ",,"Bumper started peeling off 
Aghhhhhhh"
2025-03-23T21:17:43.369973,4817,64,Red,Left,Hamin ,Won,False,0,0,0,0,0,0,0,0,0,0,0,0,0,0,0,0,0,0,0,0,0,0,0,0,0,0,None,1,1,1,Defense,,,,"They tried to defend, but in reality, they didn‚Äôt do anything. The only contribution to the score was the ‚Äòpark‚Äô section.‚Äù"
2025-03-22T21:14:57.324661,6317,16,Blue,Center,Iokea,Won,True,0,0,0,0,0,0,0,0,0,0,0,0,0,0,2,3,0,0,0,0,0,0,0,0,0,2,Deep Climb,1,3,4,Offense,nan,nan,nan,nan
2025-03-22T18:55:22.590174,6317,1,Red,Left,Wynn ,Lost,True,0,0,1,0,1,0,0,0,0,0,0,0,0,0,0,4,6,0,1,0,0,0,0,0,0,0,Parked,1,3,3,Offense,,Good,Almost scored another coral at end but not fast enough ,
2025-03-22T23:32:19.331076,6317,24,Blue,Right,Iokea,Won,False,0,0,0,0,0,0,0,0,0,0,0,0,0,0,1,4,0,0,1,0,0,0,0,0,0,1,Parked,1,4,4,Offense,,,,
2025-03-23T00:11:54.405914,6317,29,Red,Left,Piper ,Won,True,0,0,1,0,1,0,0,0,0,0,0,0,0,1,2,8,0,0,1,2,0,0,0,0,0,0,Parked,1,3,3,Offense,,,,
2025-03-23T19:34:26.210439,6317,52,Red,Left,Iokea,Won,True,0,0,0,0,0,1,0,0,0,0,0,0,0,0,2,3,0,0,1,0,0,0,0,0,0,0,Parked,1,4,3,Offense,,,,
2025-03-23T20:13:22.478499,6317,57,Blue,Center,Thomas,Won,True,0,0,0,0,0,0,1,0,0,0,0,0,0,3,2,4,0,0,0,1,0,0,0,0,0,3,Deep Climb,1,2,2,Offense,,Not bad,,
2025-03-23T20:51:25.275547,6317,61,Blue,Right,Noah,Lost,True,0,0,0,0,1,0,1,0,0,0,0,0,0,0,0,2,0,0,0,0,0,0,0,0,0,1,Parked,1,4,1,Offense,,Got harassed by 2090,,Tried to climb no tiem
2025-03-22T19:55:43.241420,6317,8,Red,Left,Wynn ,Won,True,0,1,0,0,1,1,1,0,0,0,0,0,0,0,1,5,0,0,0,3,0,0,0,0,0,4,,1,2,2,Offense,,A little awkward ,,Deep climb broke when attempted
2025-03-22T20:17:19.182781,6704,10,Red,Left,Noah,Won,True,0,0,0,0,0,0,0,0,0,0,0,0,0,1,0,2,0,0,0,0,1,0,0,0,0,0,Parked,2,3,2,Offense,,,,Missed a bunch of coral pickup @ station
2025-03-22T21:23:16.331885,6704,17,Red,Center,Piper ,Won,True,0,0,0,0,0,0,0,0,0,0,0,0,0,0,2,0,0,0,0,0,0,0,0,0,0,3,Parked,3,3,3,Offense,,Was still or mainly taking off algae from reef when they did coral they bumped into the reef and almost tipped over from jt,,
2025-03-22T19:03:48.480988,6704,2,Blue,Center,Colt,Won,True,1,0,0,0,0,0,0,0,0,0,0,0,0,0,0,0,0,2,1,1,0,0,0,0,0,0,Parked,1,1,1,Offense,,"Did not move for most of the match
Magma did everything
Slooooooooow",,
2025-03-23T00:52:12.740129,6704,31,Red,Center,Wynn ,Lost,True,0,0,0,0,0,0,0,0,0,0,0,0,0,1,0,4,0,0,1,2,0,0,0,0,0,2,Parked,1,3,2,Offense,,,,
2025-03-23T19:09:21.861312,6704,49,Red,Left,Wynn ,Won,True,0,1,0,0,0,0,0,0,0,0,0,0,0,3,1,1,0,2,1,0,0,0,0,0,0,0,Parked,1,2,2,Offense,,Slow missed often and overall I'd be hesitant to choose em as a 3rd pick,,
2025-03-23T19:57:24.671116,6704,55,Red,Center,Piper ,Lost,True,0,0,1,0,0,0,0,0,0,0,0,0,0,0,2,4,0,0,0,1,0,0,0,0,0,2,Parked,2,3,3,Offense,,They were a little slow but also consistent in scoring most of the time. When their arm went up it rocked the hot back and forth almost knocking them over.,,
2025-03-23T20:42:49.099221,6704,60,Blue,Center,Marcus Salvador,Won,False,0,0,0,0,0,0,1,0,0,0,0,0,1,6,0,0,0,1,0,0,0,0,0,0,0,0,None,3,3,3,Offense,None (Didn‚Äôt do so well against the blue alliance bot) ,They placed all algae into the L1 section of the reef. They did most of the work there.,They removed one light blue bubble ball from the reef and inserted a algae into the L3 reef,
2025-03-23T02:50:03.793246,9645,42,Red,Right,Piper,Lost,True,0,0,0,0,0,0,0,0,0,0,0,0,0,0,0,0,0,3,0,0,0,0,0,0,0,0,Parked,1,1,2,Offense,,Dnp,,
2025-03-22T20:36:25.662533,7632,12,Red,Left,Piper,Lost,True,0,0,0,2,0,0,0,0,0,0,0,0,0,4,3,2,6,0,0,0,1,0,0,0,0,1,,1,4,3,Offense,,Pretty consistent only missed once or twice bumped into their teammates a lot,,
2025-03-22T21:30:51.873647,7632,18,Red,Right,Thomas ,Won,True,0,0,0,3,0,0,0,0,0,0,0,0,0,0,3,2,9,0,0,0,0,0,0,0,0,0,,3,4,5,Offense,,Good,Good,
2025-03-22T18:56:05.550855,7632,1,Red,Right,Thomas,Lost,True,0,0,0,2,0,0,0,1,0,0,0,0,0,0,0,4,8,0,0,0,0,0,0,0,0,1,Parked,3,3,3,Offense,,,Tried for 3 L4 only made 2,
2025-03-23T01:26:29.952348,7632,35,Blue,Left,Dylan,Won,False,0,0,0,2,0,0,0,0,0,0,0,0,0,2,4,4,1,1,0,0,0,1,1,0,0,1,None,1,5,5,Offense,,Really fast and efficient in scoring.  Very fast in movement speed,Auto scored their level 4 coral,
2025-03-23T03:15:01.329469,7632,45,Blue,Right,Hamin,Won,True,0,0,0,2,0,0,0,0,0,0,0,0,0,0,1,3,7,0,0,0,0,0,0,0,0,0,Parked,4,4,4,Offense,,,,
2025-03-23T19:49:40.880429,7632,54,Red,Left,Iokea,Lost,True,0,0,0,0,0,0,0,0,0,0,0,0,0,0,0,2,5,0,0,0,0,0,0,0,0,0,None,1,4,4,Offense,,,,
2025-03-23T20:23:14.649846,7632,58,Red,Left,Noah,Won,True,0,0,0,3,0,0,0,0,0,0,0,0,0,0,0,4,6,0,0,1,0,0,0,0,0,1,Parked,3,4,4,Offense,,,,Broke for a while at station 
2025-03-23T21:01:03.943839,7632,62,Red,Left,David,Won,True,0,0,0,2,0,0,0,0,0,0,0,0,0,3,4,3,6,0,0,1,0,0,0,0,0,0,None,1,4,5,Offense,,Pretty accurate scoring 4Ls.,Was accurate most times.,
2025-03-22T20:02:29.844406,7632,9,Red,Left,Noah,Won,True,0,0,0,1,0,0,0,0,0,0,0,0,0,0,4,3,6,0,0,0,1,0,0,0,0,0,Parked,3,4,4,Offense,,Very coordinated and efficiently scored coral.,,
2025-03-22T20:51:33.329143,7724,14,Blue,Left,David,Lost,True,0,0,0,0,0,0,0,0,0,0,0,0,0,5,0,0,0,0,0,0,0,0,2,0,2,0,Parked,1,4,2,Offense,,,,Pretty cool small bot
2025-03-22T21:39:22.251054,7724,19,Red,Center,Thomas ,Lost,True,1,0,0,0,0,0,0,0,0,0,0,0,0,8,0,0,0,0,0,0,0,0,0,0,0,0,Parked,1,2,2,Offense,,Only L1,,
2025-03-23T01:18:30.824560,7724,24,Red,Center,Wynn ,Won,True,1,0,0,0,0,0,0,0,0,0,0,0,0,8,0,0,0,0,0,0,0,0,0,0,0,0,Parked,1,4,3,Offense,,,,
2025-03-22T23:47:03.328591,7724,26,Blue,Right,Dylan,Lost,True,0,0,0,0,0,0,0,0,0,0,0,0,0,6,0,0,0,2,0,0,0,0,0,0,1,0,Parked,1,4,3,Offense,,Pretty fast in movement.  Can sometimes have a hard time trying to score level 1 corals.  ,Auto crosses the line,Smol robot
2025-03-23T00:43:39.425900,7724,30,Red,Center,Piper ,Won,True,0,0,0,0,0,0,0,0,0,0,0,0,0,7,0,0,0,0,0,0,0,0,0,0,0,0,Parked,1,3,2,Offense,,Mainly was able to score coral on l1,,
2025-03-23T02:43:04.616171,7724,41,Blue,Center,Dylan,Won,True,1,0,0,0,0,0,0,0,0,0,0,0,0,3,0,0,0,0,0,0,0,0,3,0,0,0,Parked,1,4,3,Offense,,"Pretty fast in movement speed and in taking, spends at least 2 seconds trying to score level 1 corals.  ",Auto moves foward and scored a level 1 coral,Smol bot
2025-03-23T19:03:05.454222,7724,48,Red,Center,Keahi,Lost,True,0,0,0,0,0,0,0,0,0,0,0,0,0,5,0,1,0,0,0,0,0,0,0,0,0,0,Parked,1,4,4,Offense,Didn‚Äôt do it,Really fast,Move off,Tuff Ong gng 
2025-03-23T19:57:11.640753,7724,55,Red,Right,Iokea,Lost,True,0,0,0,0,0,0,0,0,0,0,0,0,0,7,0,0,0,2,0,0,0,0,0,0,0,0,Parked,1,2,4,Offense,,,,
2025-03-23T20:42:58.367245,7724,60,Red,Center,Iokea,Lost,True,0,0,0,0,1,0,0,0,0,0,0,0,1,5,0,0,0,2,0,0,0,0,0,0,0,0,Parked,1,2,2,Offense,,,,
2025-03-23T21:09:37.729568,7724,63,Blue,Center,Marcus Salvador,Lost,False,1,0,0,0,0,0,0,0,0,0,0,0,0,8,0,0,0,0,0,0,0,0,2,0,0,0,Parked,1,3,2,Offense,None (Did not showcase any skill for defense),The team was coordinating to score more points in the L1 section area of the reef and took a break and went for the light blue bubble balls. ,They moved to the reef and scored a point on L1 ,No comments
2025-03-22T20:02:33.190291,7724,9,Red,Center,Wynn,Won,True,0,0,0,0,1,0,0,0,0,0,0,0,0,7,0,0,0,2,0,0,0,0,0,0,0,0,Parked,2,3,3,Offense,,Fast stays out of the way,,
2025-03-22T21:28:15.183658,8615,17,Blue,Right,Iokea,Lost,False,0,0,0,0,0,0,0,0,0,0,0,0,0,0,0,0,0,0,0,0,0,0,0,0,0,0,,1,1,1,Neither,,,,Robot/team was not on field during the match
2025-03-22T23:19:57.224296,8615,23,Blue,Left,Dylan,Lost,True,0,0,0,0,0,0,0,0,0,0,0,0,0,0,0,0,0,0,0,0,0,0,0,0,0,0,Parked,3,3,4,Defense,Went straight to defending the left coral station on the red side.  Kinda fast in speed.  Sometimes disrupted scoring at the reef.  ,,Auto crosses line,
2025-03-23T01:10:17.578968,8615,33,Red,Left,Wynn ,Lost,False,0,0,0,0,0,0,0,0,0,0,0,0,0,0,0,0,0,0,0,0,0,0,0,0,0,0,None,2,1,2,Defense,Parked near station bumper off, Broken drive tried to play D,,
2025-03-23T02:20:23.393239,8615,39,Red,Right,Marcus Salvador ,Lost,False,0,0,0,0,0,0,0,0,0,0,0,0,0,0,0,0,0,0,0,0,0,0,0,0,0,0,None,3,3,1,Defense,It tries to defend the blue alliance algae people. They definitively got in their way but in the process their intake fell off like a man losing his hair. ,They did a decent job at being a defender but they lost their intake & bumper in the process. ,None (Only moved a feet),No comment 
2025-03-22T19:11:48.165843,8615,3,Red,Left,Thomas,Won,False,0,0,0,0,0,0,0,0,0,0,0,0,0,0,0,0,0,0,0,0,0,0,0,0,0,0,,1,1,1,Neither,,,,Didnt show up
2025-03-23T02:59:20.944689,8615,43,Red,Center,Piper,Won,False,0,0,0,0,0,0,0,0,0,0,0,0,0,0,0,0,0,0,0,0,0,0,0,0,0,0,None,3,3,3,Neither,,,,Didnt show
2025-03-23T19:33:54.485199,8615,52,Blue,Right,Noah ,Lost,False,0,0,0,0,0,0,0,0,0,0,0,0,0,0,0,0,0,0,0,0,0,0,0,0,0,0,Parked,1,1,1,Defense,Does almost nothing,,,"Slow af moves like an inch per second and twitches while it does that I think it‚Äôs broken 
"
2025-03-23T20:23:23.945696,8615,58,Blue,Right,Thomas,Won,True,0,0,0,0,0,0,0,0,0,0,0,0,0,0,0,0,0,0,0,0,0,0,0,0,0,0,None,3,2,1,Defense,"Flipped a bot that was stuck on algae, not good decision making",,,
2025-03-23T21:31:12.145879,8615,65,Red,Right,Piper,Lost,False,0,0,0,0,0,0,0,0,0,0,0,0,0,0,0,0,0,0,0,0,0,0,0,0,0,0,None,1,1,1,Neither,,Wasn‚Äôt here at all,,
2025-03-22T20:17:20.629505,8871,10,Blue,Left,Thomas,Lost,True,0,0,0,0,0,0,0,0,0,0,0,0,0,0,0,0,0,0,0,0,0,0,0,0,0,0,Parked,5,5,4,Defense,"Good defense, very fast",,Moved forward and spun,
2025-03-22T21:14:44.874744,8871,16,Red,Left,‚ùÄùí´ùíæùìÖ‚ÑØùìá‚ùÄ,Lost,True,0,0,0,0,0,0,0,0,0,0,0,0,0,0,0,0,0,0,0,0,0,0,0,0,0,0,Parked,3,3,2,Defense,,They played defense and got a pinning penalty was very aggressively blocking opposite feeders going back and forth ,,
2025-03-22T23:13:26.964967,8871,22,Blue,Right,Colt,Lost,False,0,0,0,0,0,0,0,0,0,0,0,0,0,0,0,0,0,0,0,0,0,0,0,0,0,0,None,3,3,2,Offense,Pretty good defense ,,,
2025-03-22T23:47:22.266870,8871,26,Blue,Left,Colt,Lost,False,0,0,0,0,0,0,0,0,0,0,0,0,0,0,0,0,0,0,0,0,0,0,0,0,0,0,None,3,5,2,Defense,Did pretty good very fast,,,
2025-03-23T00:10:57.783228,8871,29,Red,Center,Noah,Won,True,0,0,0,0,0,0,0,0,0,0,0,0,0,0,0,0,0,0,0,0,0,0,0,0,0,0,None,4,4,4,Defense,"Guarded station until about T-50; bot became inactive
",,,
2025-03-23T02:21:46.822776,8871,4,Red,Left,Wynn,Lost,True,0,0,0,0,0,0,0,0,0,0,0,0,0,0,0,0,0,0,0,0,0,0,0,0,0,4,Parked,1,2,2,Offense,,Focused on algae,,
2025-03-23T19:09:46.695427,8871,49,Blue,Center,Colt,Lost,True,0,0,0,0,0,0,0,0,0,0,0,0,0,0,0,0,0,0,0,0,0,0,0,0,0,0,Parked,4,5,4,Defense,"Very fast
Good at pushing bots around
Pretty good defense overall",,,
2025-03-23T19:41:18.660687,8871,53,Red,Left,Iokea,Lost,False,0,0,0,0,0,0,0,0,0,0,0,0,0,0,0,0,0,0,0,0,0,0,0,0,0,0,None,3,3,3,Defense,,,,
2025-03-23T20:41:12.848126,8871,60,Blue,Left,Noah,Won,True,0,0,0,0,0,0,0,0,0,0,0,0,0,0,0,0,0,0,0,0,0,0,0,0,0,0,Parked,3,3,3,Defense,,At T-35 got stuck on algae and unstuck at 4 ,Just spun ,
2025-03-23T21:39:22.824681,8871,66,Blue,Center,Thomas,Won,True,1,0,0,0,0,0,0,0,0,0,0,0,0,0,0,0,0,0,0,0,0,0,0,0,0,0,Parked,5,4,4,Defense,Good fast defense ,,,
2025-03-22T20:53:01.620597,9012,14,Blue,Right,Dylan,Lost,False,0,2,0,0,0,0,0,0,0,0,0,0,0,0,3,3,0,0,0,1,0,0,0,0,0,2,,1,4,3,Offense,,Pretty okay in scoring corals.  Spent only 1-2 seconds trying to align.  Tried to park but didn‚Äôt have time.,Auto scored 2 coral on level 2,
2025-03-22T23:03:26.044724,9012,21,Red,Right,Wynn,Won,True,1,0,0,0,0,0,0,0,0,0,0,0,0,0,0,6,0,0,0,0,0,0,0,0,0,3,None,1,3,3,Offense,,,,
2025-03-23T00:43:50.047026,9012,30,Blue,Center,Iokea,Lost,True,1,0,0,0,0,0,0,0,0,0,0,0,0,0,0,3,0,0,0,0,0,0,0,0,0,0,Parked,1,3,2,Offense,,,,
2025-03-23T02:34:45.018419,9012,40,Red,Right,Noah,Won,True,0,0,0,0,1,0,0,0,0,0,0,0,0,0,1,5,0,0,2,0,0,0,0,1,0,2,None,2,3,3,Offense,,,,Coral fell out of the bot once 
2025-03-23T19:01:01.830000,9012,48,Blue,Left,Hayden,Won,False,0,1,0,0,0,1,0,0,0,0,0,0,0,0,0,0,0,0,0,0,0,0,0,0,0,0,None,1,1,1,Neither,,,,Robot dead entire match after autonomous phase
2025-03-22T19:19:24.217912,9012,4,Red,Right,Thomas,Lost,True,0,1,0,0,0,0,0,0,0,0,0,0,0,0,4,5,0,0,0,0,0,0,0,0,0,4,,3,3,3,Offense,,Slow,,
2025-03-23T19:34:19.292925,9012,52,Blue,Left,Dylan,Lost,False,0,0,0,0,1,0,0,0,0,0,0,0,0,0,0,0,0,0,0,0,0,0,0,0,0,2,None,1,2,2,Offense,,Pretty slow in movement speed and elevator speed.  Broke down at the 1:20 mark.  ,Auto tried to score a level 1 coral but got pushed.,
2025-03-23T20:23:38.059507,9012,57,Red,Right,Piper ,Lost,True,0,1,0,0,0,0,0,0,0,0,0,0,0,0,2,1,0,0,0,0,0,0,0,0,0,2,None,1,3,3,Offense,,Got tipped over halfway over after being pushed onto a algae ball,,
2025-03-23T21:40:52.531815,9012,66,Red,Left,Hamin,Lost,True,0,0,0,0,0,1,0,0,0,0,0,0,0,0,0,0,0,2,1,0,0,0,2,0,0,3,None,1,2,1,Neither,,,,"They kept colliding with their red team‚Äôs side, and blocked each other (driver skill issue). The speed was also slower than the blue team."
2025-03-22T19:56:54.479286,9012,8,Red,Center,Marcus Salvador ,Won,True,1,0,0,0,0,0,0,0,0,0,0,0,0,0,0,5,0,0,0,0,0,0,0,0,0,3,Parked,2,3,3,Both,They got defensive when grabbing more Algae ,nan,(Hard to see from my view) ,No comment 
2025-03-23T00:01:20.100972,9019,28,Red,Left,Noah,Lost,False,0,0,0,0,0,0,0,0,0,0,0,0,0,0,0,0,0,0,0,0,0,0,0,0,0,0,None,1,1,1,Neither,,,,Inactive for the entire match 
2025-03-23T02:59:00.274294,9019,44,Red,Left,Marcus Salvador ,Won,False,0,0,0,0,0,0,0,0,0,0,0,0,0,0,0,0,0,0,0,0,0,0,0,0,0,0,None,1,1,1,Neither,None (Couldn‚Äôt move the robot),None (The robot choked during the match),None (Didn‚Äôt even move),I feel like the robot should be checked on a mechanic soon. 
2025-03-23T19:49:47.564073,9019,54,Red,Center,Keahi,Lost,True,0,0,0,0,0,0,0,0,0,0,0,0,0,0,0,0,0,0,0,0,0,0,0,0,0,0,Parked,1,1,1,Neither,No,No,No,No
2025-03-23T20:55:07.248259,9019,61,Red,Left,Hamin,Won,False,0,0,0,0,0,0,0,0,0,0,0,0,0,0,0,0,0,0,0,2,0,0,0,0,0,0,None,1,1,1,Neither,,,,They did nothing to contribute to the score and just stopped.
2025-03-22T19:45:22.347703,9019,7,Red,Center,Wynn ,Won,True,0,0,0,0,0,0,0,0,0,0,0,0,0,0,0,0,0,0,0,0,0,0,0,0,0,0,,1,1,1,Neither,,Malfunctioned didnt move,,
2025-03-22T19:03:43.954833,9019,2,Blue,Right,Jaden,Won,False,0,0,0,0,0,0,0,0,0,0,0,0,0,0,0,0,0,0,0,0,0,0,0,0,0,0,None,1,1,1,Neither,nan,nan,nan,Did not move
2025-03-22T20:26:58.856491,9277,11,Red,Left,Noah,Lost,True,0,0,0,0,0,0,0,0,0,0,0,0,0,2,0,1,0,1,1,0,0,0,0,0,0,0,Shallow Climb,2,3,3,Offense,,"Missed several coral, multiple attempts to score coral",,
2025-03-22T21:14:44.550555,9277,16,Red,Right,Thomas,Lost,True,0,0,0,0,0,0,1,0,0,0,0,0,0,0,0,1,0,1,0,2,0,0,0,0,0,2,Deep Climb,3,2,1,Offense,,Slow and kept missing coral,,
2025-03-22T21:39:21.469347,9277,19,Red,Right,Piper,Lost,True,0,0,0,0,0,0,0,0,0,0,0,0,0,0,0,0,0,0,0,0,0,0,0,0,0,0,Parked,3,3,3,Defense,,Half of the time it  was frozen and then the other half it just kind of moved around aimlessly or hitting the blue bot on red side ,,
2025-03-22T23:40:01.978851,9277,25,Red,Right,Wynn ,Won,True,0,0,0,0,0,0,0,0,0,0,0,0,0,1,1,0,0,0,0,0,0,0,0,0,0,2,Deep Climb,3,3,3,Both,Aggressive ,,,
2025-03-22T23:40:14.700864,9277,26,Red,Right,Marcus Salvador ,Won,False,0,0,0,0,0,0,0,0,0,0,0,0,0,1,1,0,0,0,0,0,0,0,0,0,0,0,Deep Climb,3,3,3,Both,The robot doesn‚Äôt look like it was designed to be a defense bot. They quickly turned into one by blocking other incoming blue alliance bots.,They looked like they were struggling with their bot. They adapted with their bot by making it a defensive one.,It only moved straight forward and turned. Didn‚Äôt even bother with dropping it in the reef.,No comment
2025-03-23T01:35:43.903682,9277,36,Red,Left,Wynn ,Lost,True,0,0,1,0,0,0,0,0,0,0,0,0,2,0,0,5,0,1,0,1,0,0,0,0,0,1,Deep Climb,1,3,4,Offense,,,,
2025-03-23T01:35:11.859198,9277,37,Red,Left,Marcus Salvador,Lost,False,0,0,0,0,0,0,0,0,0,0,0,0,2,0,0,0,0,0,0,6,0,0,0,0,0,2,None,1,2,3,Offense,None,They did L3 around the reef. Sometimes struggling with capturing a algae from the red alliance teammates.,It‚Äôs only objective was to remove the algae off the reef,No comments
2025-03-23T19:10:43.920840,9277,49,Blue,Left,Marcus Salvador,Won,False,0,1,0,0,0,0,0,0,0,0,0,0,1,0,0,9,0,0,0,2,0,0,0,0,0,2,None,1,3,4,Both,None,They worked around the clock to score around the L3 reef holes. Moving at a fast pace. ,The auto delivered a point to L2 ,They dropped a few algae on the ground due to the intake claw. Otherwise still good in a match.
2025-03-22T19:19:03.149613,9277,4,Blue,Left,Colt,Won,False,0,0,0,0,1,0,0,0,0,0,0,0,1,1,0,1,0,1,0,2,0,0,0,0,0,1,Deep Climb,1,2,2,Offense,,Missed a lot of coral,,
2025-03-23T19:49:32.129556,9277,54,Blue,Left,Dylan,Won,False,0,1,0,0,0,0,0,0,0,0,0,0,1,3,3,2,0,0,0,1,0,0,0,0,0,0,Deep Climb,1,4,3,Offense,,"Pretty fast movement speed, spends 2 seconds trying to align corals.  ",,
2025-03-23T20:33:04.447789,9277,59,Red,Left,Dylan,Won,False,0,1,0,0,0,0,0,0,0,0,0,0,2,0,2,6,0,0,0,0,0,0,0,0,0,1,Shallow Climb,1,4,4,Offense,,Pretty fast in movement speed and in-taking coral.  Pretty fast in scoring coral as well.  Only con was that they let 10384 get in their way.  ,,
2025-03-23T21:09:48.070108,9277,63,Red,Right,Piper ,Won,True,0,0,0,0,0,0,0,0,0,0,0,0,0,1,3,4,2,0,0,0,0,0,0,0,0,0,Deep Climb,3,3,3,Offense,,,,
2025-03-22T20:36:25.097059,9629,12,Red,Center,Noah,Lost,True,0,0,0,0,1,0,0,0,0,0,0,0,0,2,0,0,0,4,0,0,0,0,0,0,0,0,Parked,3,4,2,Offense,,,,
2025-03-22T21:30:38.648446,9629,18,Blue,Center,Dylan,Lost,False,0,0,0,0,1,0,0,0,0,0,0,0,0,0,0,0,0,0,0,0,0,0,0,0,0,0,,3,3,3,Defense,Defended both coral stations on the red side.  Relied on push power but was easily overpowered and overwhelmed by the red side. Pretty slow.,,Span in a circle and dropped a level 1 coral. ,
2025-03-22T23:56:14.692515,9629,27,Red,Left,Piper,Won,True,0,0,0,0,1,0,0,0,0,0,0,0,0,2,0,0,0,4,0,0,0,0,0,0,0,0,Parked,1,2,1,Defense,,Dnp,,
2025-03-23T00:44:09.502118,9629,31,Red,Right,Marcus Salvador ,Won,False,0,0,0,0,1,0,0,0,0,0,0,0,0,0,0,0,0,0,0,0,0,0,0,0,0,0,None,4,4,3,Defense,They did a perfect job with being a defender. By guarding the blue alliance team to reach for more algae. ,It‚Äôs described to be a decent job. They seem to work further away from their teammates,They shot one algae to the reef but missed ,No comment 
2025-03-23T02:42:16.219185,9629,41,Red,Right,Noah,Lost,False,0,0,0,0,0,0,0,0,0,0,0,0,0,1,0,0,0,3,0,0,0,0,0,0,0,0,None,2,4,3,Offense,,,,Appears to have broken down late game 
2025-03-23T03:34:39.080480,9629,46,Blue,Left,Hamin,Lost,True,0,0,0,0,0,0,0,0,0,0,0,0,0,0,0,0,0,0,0,0,0,0,0,0,0,0,None,1,1,1,Neither,,,,Didn't do anything and just stayed.
2025-03-23T19:41:11.757653,9629,53,Red,Right,Keahi,Lost,True,0,0,0,0,0,0,0,0,0,0,0,0,0,0,0,0,0,2,0,0,0,0,0,0,0,0,None,1,2,2,Neither,Slow,Missed 2 L2 and broke,Just gets off,Dnp 
2025-03-23T20:05:46.223046,9629,56,Blue,Left,Noah,Won,True,0,0,0,0,0,0,0,0,0,0,0,0,0,0,0,0,0,1,0,0,0,0,0,0,0,0,None,3,4,3,Both,Didn‚Äôt do much ,,,
2025-03-22T19:27:33.652457,9629,5,Red,Left,Wynn ,Lost,True,0,0,0,0,1,0,0,0,0,0,0,0,0,4,0,0,0,4,0,0,0,0,0,0,0,0,Parked,1,2,1,Offense,,Overall not good,Turned wrong way and missed,
2025-03-23T20:52:43.176879,9629,61,Blue,Center,Thomas,Lost,True,0,0,0,0,0,0,0,0,0,0,0,0,0,0,0,0,0,2,0,0,0,0,0,0,0,0,None,1,1,1,Neither,,"Scored nothing and turned off, not skibidy",,
2025-03-22T19:55:07.400023,9629,8,Blue,Center,Dylan,Lost,False,0,0,0,0,0,0,0,0,0,0,0,0,0,4,0,0,0,0,0,0,0,0,0,0,0,0,,1,2,3,Offense,,Robot broke down at 40 second mark.  Can only score level 1 corals.,Auto crosses the line,
2025-03-22T20:26:56.125698,9645,11,Red,Center,Marcus Salvador ,Lost,True,0,0,0,0,0,0,0,0,0,0,0,0,0,0,0,0,0,0,0,0,0,0,0,0,0,0,None,4,1,2,Defense,It seems to have blocked off each robot from the blue alliance robot. Making sure each robot doesn‚Äôt get an Algae. It failed to do this task due to the blue alliance win.,None (Can‚Äôt determine their motive) ,None ,No comment 
2025-03-22T21:23:00.622803,9645,17,Red,Left,Wynn ,Won,True,0,0,0,0,0,0,0,0,0,0,0,0,0,0,0,0,0,0,1,0,0,0,0,0,0,0,Parked,1,1,1,Offense,nan,DNP,nan,nan
2025-03-22T23:03:53.066529,9645,21,Red,Center,Noah,Won,True,0,0,0,0,0,0,0,0,0,0,0,0,0,0,0,0,0,1,0,0,0,0,0,0,0,0,None,4,2,2,Defense,Tried stopping coral pick up @ station; failed,,,
2025-03-22T23:39:47.997422,9645,25,Blue,Left,Thomas ,Lost,True,0,0,0,0,0,0,0,0,0,0,0,0,0,0,0,0,0,1,0,0,0,0,0,0,0,0,Parked,1,1,1,Neither,None,"Single worst robot at the comp, dont pick even if they hold you at gunpoint",Drives forward slowly,Drives at <1 mph
2025-03-23T00:58:43.085789,9645,32,Red,Center,Wynn ,Lost,True,0,0,0,0,0,0,0,0,0,0,0,0,0,1,0,0,0,1,0,0,0,0,0,0,0,0,Parked,4,3,3,Defense,,Evasive station camping ,,
2025-03-23T02:19:51.604766,9645,38,Red,Left,Noah,Lost,True,0,0,0,0,0,0,0,0,0,0,0,0,0,0,0,0,0,3,0,0,0,0,0,0,0,0,Parked,4,1,4,Offense,,Spent most of the match trying to get coral just to miss,,
2025-03-23T02:50:25.233654,9645,43,Red,Right,Marcus Salvador ,Lost,False,0,0,0,0,0,0,0,0,0,0,0,0,0,0,0,0,0,2,0,0,0,0,0,0,0,0,Parked,1,2,2,Neither,None ,None (Couldn‚Äôt perform their robot due to the blue alliance bot getting in the way),None (They moved a feet),No comment
2025-03-23T03:13:53.163308,9645,45,Red,Center,Noah,Lost,True,0,0,0,0,0,0,0,0,0,0,0,0,0,0,0,0,0,0,0,0,0,0,0,0,0,0,Parked,1,1,2,Defense,Ass,"Tried going for algae, failed, then tried unsuccessfully to defend",Didn‚Äôt move for 10 seconds after auto ended,
2025-03-23T19:57:24.241232,9645,55,Blue,Left,Dylan,Won,True,0,0,0,0,0,0,0,0,0,0,0,0,0,2,1,0,0,0,0,0,0,0,0,0,0,0,Parked,1,1,1,Offense,,"Apparently they got an elevator, really slow in movement speed and elevator speed.  Human player kept dropping corals.  ",Auto crosses line and spins,Wtf
2025-03-23T20:52:42.258594,9645,61,Blue,Center,Marcus Salvador,Lost,True,0,0,0,0,0,0,0,0,0,0,0,0,0,0,0,0,0,0,1,0,0,0,0,0,0,0,Parked,1,2,2,Neither,None (Couldn‚Äôt even defend itself against red alliance bots),They kind of lacked some coordination with each other. They weren‚Äôt even counting on one of their own teammates to bump into them.,None (It just moved a foot forward),Hard to determine how well this team as they struggle.
2025-03-23T21:17:01.752542,9645,64,Blue,Center,Marcus Salvador,Won,False,0,0,0,0,0,0,0,0,0,0,0,0,0,0,1,0,0,0,0,0,0,0,0,0,0,0,None,4,2,2,Defense,They did well against holding off the red alliance bots from reaching the blue alliance bot.,The coordination of the team was all over the area. No plan and just adapted ,They moved very slowly and wasted a lot of tkme,No comment
2025-03-22T19:36:30.003516,9645,6,Blue,Right,Dylan,Lost,True,0,0,0,0,0,0,0,0,0,0,0,0,0,0,0,0,0,0,0,0,0,0,0,0,0,0,Parked,1,1,1,Offense,,"Tried to score a level 1 coral and it fell off upon making contact with the reef.  Really slow, gotta be the slowest.  Stopped moving for 30 seconds",Auto crosses the line,
